,Id,TextContent
0,666785dd653280ea254fa3dc,Phó Chủ tịch Duma Quốc gia Nga cập nhật thông tin mới nhất về hệ thống thanh toán chung của BRICS.
1,666785de653280ea254fa3de,"Đảm nhận vai tiểu thư kiêu kì trong phim học đường “ Hierarchy ” (Thứ bậc), Roh Jeong Eui được khen về sắc vóc nhưng diễn xuất chỉ dừng ở mức tròn vai."
2,66678600653280ea254fa3e2,Quân A.P gây bàn tán vì gương mặt thay đổi sau khi làm răng sứ. Khán giả tiếc nuối ngoại hình tự nhiên trước đây của nam ca sĩ.
3,66678619653280ea254fa3e6,Apple sẽ đại tu Trung tâm điều khiển (Control Center) của iPhone như một phần của iOS 18. Đây có thể là bản cập nhật lớn của Control Center kể từ khi iOS 11 được phát hành vào năm 2017.
4,66678623653280ea254fa3ec,"Miền Nam có nhiều nơi nuôi ngựa, nhưng nơi tập trung đông nhất, sản sinh nhiều chiến mã nhất là H.Đức Hòa, Long An. Thời cực thịnh, Sài Gòn và các tỉnh lân cận có đến 4.000 con ngựa, trong đó khoảng 1.200 con tham gia đua thì ngựa từ những lò ở H.Đức Hòa, Long An luôn chiếm đa số."
5,66678630653280ea254fa3f2,"VOV.VN - “Đừng xem nếu bạn không muốn khóc,” một cư dân mạng nói về bộ phim ""Gia tài của ngoại"", hiện có doanh thu tuần mở màn lớn nhất từ ​​trước đến nay đối với một bộ phim Thái Lan ở Singapore."
6,66678630653280ea254fa3f4,"VOV.VN - Vừa mới lên sóng, bộ phim học đường ""Hierarchy"" đã nhận được vô số những phản hồi từ khán giả về nội dung và khả năng diễn xuất của dàn diễn viên trẻ."
7,66678632653280ea254fa3f6,"VTV.vn - Qúa khứ nghèo khổ lần đầu tiên được Lee Hyori chia sẻ khi cô tham gia chương trình ""Come travel with me, Mom?"" (Đi du lịch cùng con mẹ nhé?) phát sóng ngày hôm qua (9/6)."
8,6667863c653280ea254fa3f8,"Bạn đọc có email chinhchinhxxx@gmail.com gửi email đến Văn phòng Tư vấn pháp luật Báo Lao Động hỏi: Xin hỏi, người lao động kết hôn sẽ được nghỉ mấy ngày và tiền lương của người lao động trong những ngày nghỉ này được tính như thế nào?"
9,66678643653280ea254fa400,"VTV.vn - Sau khi giảm cân, Lê Phương được nhiều người khen xinh đẹp và trẻ hơn tuổi."
10,66678643653280ea254fa3fe,"VTV.vn - Vừa kiếm được hợp đồng đầu tiên, Dũng hồn nhiên không biết rằng Tài đang có âm mưu phá hoại mối quan hệ làm ăn của cậu."
11,66678656653280ea254fa402,"VTV.vn - Người dân khi sử dụng dịch vụ cầm đồ cần phải có hợp đồng, trong đó ghi rõ mức lãi suất, số tiền vay và thời hạn trả nợ, để đảm bảo quyền lợi."
12,66678656653280ea254fa404,"VTV.vn - Phòng Cảnh sát kinh tế Công an tỉnh TT-Huế đã ra Quyết định khởi tố vụ án, khởi tố bị can, bắt tạm giam đối với Phạm Minh Tuấn chiếm đoạt hơn 1 tỷ đồng của công ty."
13,666786c6653280ea254fa406,"TP HCM- Anh Hùng, 35 tuổi, ở Bình Chánh, mất ham muốn tình dục, trầm cảm nhẹ khi vợ sinh con thứ ba được vài tháng."
14,666786c7653280ea254fa408,"VTV.vn - Kết quả cuộc bầu cử Nghị viện châu Âu đang làm ""rung chuyển"" chính trường của một loạt quốc gia trong Liên minh châu Âu."
15,666786c8653280ea254fa40a,"(Dân trí) - Khả năng đội tuyển Việt Nam giành vé vào vòng loại thứ 3 World Cup 2026 khu vực châu Á khá thấp. Nhưng khi vẫn còn cơ hội, đoàn quân của HLV Kim Sang Sik vẫn sẽ chiến đấu hết mình."
16,6667873c653280ea254fa40c,"Nhận định, dự đoán kết quả Iraq vs Việt Nam (1h ngày 12/6). Báo Giao thông cập nhật các thông tin hấp dẫn nhất tại vòng loại World Cup 2026."
17,66678830653280ea254fa40e,"Khi tương lai của Erik ten Hag vẫn chưa rõ ràng, Man United lại đàm phán với Thomas Tuchel dù biết trước cơ hội sẽ không nhiều."
18,66678842653280ea254fa410,"TRUNG QUỐC - Câu chuyện cậu sinh viên đại học đầu tiên của làng bỏ công việc giảng dạy ở thành phố lớn, quay lại vùng quê nhỏ làm phó bí thư, livestream bán rau giúp người dân thu hút sự chú ý của dư luận Trung Quốc."
19,6667886b653280ea254fa412,"GD&TĐ - Phát triển văn hóa đọc ngày càng quan trọng, đặc biệt khi triển khai Chương trình GDPT 2018."
20,6667886c653280ea254fa414,"VOV.VN - Theo tính toán của Bộ GTVT, đến cuối tháng 5/2024, khối lượng vật liệu cát đắp phục vụ thi công các tuyến đường bộ cao tốc khu vực ĐBSCL và Đông Nam Bộ vẫn còn 26 triệu m3 chưa xác định được nguồn cung."
21,6667886f653280ea254fa416,(Dân trí) - Tàu chống ngầm Đô đốc Levchenko bốc cháy trên biển Barents sau khi một động cơ trục trặc và cháy.
22,6667887a653280ea254fa418,"Kết quả bầu cử Nghị viện châu Âu được công bố hôm qua cho thấy cánh hữu đang có xu hướng lên ở cơ quan lập pháp EU, đẩy tương lai châu Âu đến lo ngại bất ổn."
23,66678882653280ea254fa41a,Elon Musk cho rằng việc tích hợp ChatGPT ở cấp độ hệ điều hành vi phạm an ninh nghiêm trọng và có thể sẽ cấm thiết bị Apple tại công ty.
24,66678892653280ea254fa41c,"Sau trận giao hữu thắng Iceland 4-0 ngày 10/6, HLV Ronald Koeman loại Frenkie de Jong khỏi danh sách dự Euro 2024 vì tiền vệ này không kịp bình phục chấn thương"
25,66678921653280ea254fa420,"(Dân trí) - Mua nhà dự án của Trung Nguyên tại Đắk Lắk, một số cư dân đã có đơn gửi cơ quan chức năng vì cho rằng chủ đầu tư không thực hiện như cam kết ban đầu và dự án quá hạn nhưng chưa đồng bộ các hạng mục."
26,6667892f653280ea254fa422,VTV.vn - Một quan chức biên giới cấp cao của Mỹ nói với Reuters rằng số người di cư bị bắt khi vượt biên giới Mỹ - Mexico trái phép đã giảm vào ngày 7/6.
27,66678942653280ea254fa424,"Đề tuyển sinh, thi tốt nghiệp những năm gần đây sử dụng ngữ liệu ngoài sách giáo khoa, từ đời thật, khiến học sinh và giáo viên cũng phải thay đổi cách dạy, học, tiếp cận vấn đề."
28,66678942653280ea254fa426,"SKĐS - Ngày 12/6, mưa dông kết thúc, khu vực phía Đông Bắc Bộ và khu vực từ Thanh Hóa đến Bình Thuận có nắng nóng, có nơi nắng nóng gay gắt với nhiệt độ cao nhất phổ biến từ 35-38 độ, có nơi trên 38 độ."
29,66678a6a653280ea254fa428,Đọc xong bài văn của học sinh lớp 1 này ai cũng phải sụt sùi.
30,66678a71653280ea254fa42a,"Nhận định bóng đá Thái Lan vs Singapore (19h30, 11/6). Dự đoán tỷ số, đội hình dự kiến Thái Lan vs Singapore (19h30, 11/6), vòng loại World Cup 2026."
31,66678a71653280ea254fa42c,"Nhận định bóng đá CHDCND Triều Tiên vs Myanmar (20h00, 11/6). Dự đoán tỷ số, đội hình dự kiến CHDCND Triều Tiên vs Myanmar (20h00, 11/6), vòng loại World Cup 2026."
32,66678ab1653280ea254fa42e,"Xảy ra mâu thuẫn trong lúc nhậu, Bùi Thái Nguyên đã lấy một chày gỗ đánh vào đầu anh Nay Nghí khiến nạn nhân bị thương tật 45%."
33,66678ad8653280ea254fa432,"DJ Mie tâm sự sau chuyện tình dang dở với Hồng Thanh, cô vẫn sẽ yêu hết mình, mãnh liệt nếu gặp người phù hợp."
34,66678add653280ea254fa434,"(Dân trí) - Công an tỉnh Lào Cai phối hợp cùng Bộ chỉ huy quân sự tỉnh Lào Cai đã phân loại và tiêu hủy hơn 11.216 loại vũ khí quân dụng, vũ khí tự chế, vũ khí thô sơ, đồ chơi nguy hiểm..."
35,66678ae7653280ea254fa436,"Ngồi ngoài ở Man Utd cả mùa vừa qua, nhưng Tom Heaton được HLV Gareth Southgate triệu tập bổ sung vào tuyển Anh dự Euro 2024."
36,66678cdb653280ea254fa5f1,"Phụ huynh, học sinh theo dõi cách tra cứu điểm thi lớp 10 tại Hà Nội và các tỉnh thành năm 2024."
37,66678cdf653280ea254fa5f3,Văn phòng Tổng thống và Nội các Malawi tuyên bố: “Mọi nỗ lực của các cơ quan hàng không nhằm liên lạc với chiếc máy bay kể từ khi nó tắt radar cho đến nay đều thất bại.”
38,66678ce7653280ea254fa5f5,Man United dự kiến ​​​ đưa ra quyết định về tương lai của huấn luyện viên Erik ten Hag trong tuần này khi Thomas Tuchel bị gạch tên.
39,66678ce7653280ea254fa5f7,"Màn so tài giữa tuyển Iraq - Việt Nam là trận đấu đáng chú ý trong lịch thi đấu đêm 11.6, rạng sáng 12.6."
40,66678cfe653280ea254fa5f9,"Chiến thắng của Carlos Alcaraz trước Alexander Zverev tại Roland Garros hôm Chủ nhật vừa rồi đã đánh dấu một chương mới nhất trong câu chuyện được dự đoán sẽ kết thúc với ""30 danh hiệu Grand Slam""."
41,66678d0f653280ea254fa5fb,"Hiện tượng Thích Minh Tuệ tích hợp về mặt tâm lý, tinh thần đa số nhân dân hướng thiện. Chúng ta phải tự thắng chúng ta trước. Khi đó, các thế lực “ma giáo” không thể lợi dụng."
42,66678d1e653280ea254fa5fd,"(PLO)- Cựu cán bộ địa chính xã Bình Châu, huyện Xuyên Mộc tham mưu cấp đất công cho các hộ dân trong đó có mẹ vợ, bị TAND tỉnh Bà Rịa- Vũng Tàu phạt tù."
43,66678d2c653280ea254fa5ff,Hội đồng Bảo an ủng hộ đề xuất của Tổng thống Mỹ Biden nhằm hướng đến một lệnh ngừng bắn lâu dài giữa Hamas và Israel.
44,66678d2c653280ea254fa601,"ANTD.VN -  Tối 10-6, Văn phòng Tổng thống Malawi thông báo, máy bay chở Phó tổng thống Malawi, ông Saulos Chilima và 9 người khác hiện đang mất tích."
45,66678d32653280ea254fa603,"Những tuần, tháng văn hóa, lễ hội được tổ chức bài bản, rộng khắp các địa phương trên cả nước đã thu hút sự tham gia của đông đảo du khách trong và ngoài nước. Ngành du lịch đang dần ghi dấu ấn hình ảnh một VN rực rỡ sắc màu với 4 mùa lễ hội sôi động."
46,66678d54653280ea254fa609,"VTV.vn - Chiều 10/6, Trường THPT chuyên Khoa học Tự nhiên công bố kết quả thi và điểm chuẩn kỳ thi tuyển sinh vào lớp 10 năm học 2024-2025."
47,66678d54653280ea254fa607,"VTV.vn - TP Hồ Chí Minh xác định kỳ thi tốt nghiệp THPT có ý nghĩa đặc biệt quan trọng nên đề cao tinh thần trách nhiệm của tất cả khâu, bộ phận tham gia phối hợp tổ chức kỳ thi."
48,66678dd6653280ea254fa60b,"(Dân trí) - HLV Trần Công Minh đánh giá đội tuyển Việt Nam hiện thi đấu gắn kết hơn, chơi uyển chuyển hơn so với giai đoạn cầm quân của HLV Troussier cách đây vài tháng. Chúng ta có thể có điểm trước Iraq."
49,66678ddc653280ea254fa60d,VTV.vn - Quân đội Ukraine đã tiến hành cuộc không kích đầu tiên vào lãnh thổ mà nước này công nhận là của Nga.
50,66678ddc653280ea254fa60f,"VTV.vn - Trong cuộc bầu cử Nghị viện châu Âu tại Pháp, phe cực hữu Pháp đã giành kết quả cao chưa từng thấy."
51,66678ec7653280ea254fa611,Dưới đây là 5 công thức diện quần short ưng mắt mà bạn có thể áp dụng ngay.
52,66678ef3653280ea254fa613,"Lũ quét, sạt lở đất có thể gây tác động rất xấu đến môi trường, uy hiếp tính mạng của người dân; gây tắc nghẽn giao thông cục bộ, làm ảnh hưởng tới quá trình di chuyển của các phương tiện."
53,66678f3c653280ea254fa615,"Giới chức Ba Lan cho biết vụ việc xảy ra vào lúc 10 giờ sáng theo giờ địa phương, tuy nhiên lực lượng cứu hỏa của nhà máy Mesko đã nhanh chóng dập tắt được đám cháy."
54,66678f3c653280ea254fa617,"Theo Cơ quan Môi trường Singapore, mỗi năm tại Singapore có 175 ngày có sét, theo đó tỷ lệ có sét đánh tại nước này gần như 2 ngày 1 lần."
55,66678f3f653280ea254fa619,2 đội tuyển bóng chuyền nam và nữ Việt Nam đều có sự tiến bộ rõ rệt ở các giải đấu quốc tế nửa đầu năm 2024.
56,66678f3f653280ea254fa61b,Tuyển Việt Nam đang ở thế dựa chân tường trong trận đấu gặp tuyển Iraq tại vòng loại World Cup 2026.
57,66678f6a653280ea254fa61d,"Bài hát của Sơn Tùng bị khán giả chê ca từ sáo rỗng, giai điệu trẻ con. K-ICM lên tiếng bênh vực."
58,66678f71653280ea254fa61f,(PLO)- Một cựu giáo viên đã chiếm đoạt gần 3 tỉ đồng của nhiều bị hại khi họ có nhu cầu xin việc hoặc chuyển đơn vị công tác.
59,66678f99653280ea254fa623,"VTV.vn - Đúng lúc Hân ""nản"" với bãi chiến trường chị chồng gây ra trong lúc say xỉn, Đức Anh đã đến và giúp cô dọn dẹp như một vị cứu tinh."
60,66678fa5653280ea254fa625,"(PLO)- Trước hành động dũng cảm lao xuống dòng lũ dữ cứu người dân của Thượng úy Nguyễn Mạnh Tường, Bộ trưởng Lương Tam Quang đã biểu dương và đề nghị có các hình thức động viên, khen thưởng xứng đáng."
61,66678fbf653280ea254fa627,Một pavilion (công trình kiến trúc mang tính biểu tượng) bằng tre được dựng tại vườn hoa Con Cóc (tên gọi dân gian của vườn hoa Diên Hồng) ở Hà Nội.
62,66678fbf653280ea254fa62b,"Vân Dung chịu đánh, chịu khóc như thể bị rút hết sức lực. Cù Thị Trà chuyên vai tiểu tam lại trở thành người cương trực…"
63,66678fbf653280ea254fa62f,"Theo quan niệm của người Anh, ở Sài Gòn cũng như bất cứ đâu khác, việc đầu tiên cần làm là kiếm nơi ăn chốn ở tiện nghi."
64,66679036653280ea254fa631,"Theo thông tin từ Ngân hàng Nhà nước tối 10/6, trên thị trường đang lan truyền thông tin Ngân hàng Nhà nước thiếu vàng để bán. Không chỉ vậy, tại nhiều điểm bán vàng có tình trạng thuê người xếp hàng để mua gom vàng nhằm đẩy giá, hưởng chênh lệch, gây bất ổn thị trường vàng và thiệt hại cho nền kinh tế."
65,66679036653280ea254fa633,Tổng thống Malawi Lazarus Chakwera cho biết vào cuối ngày 10/6 rằng ông đã ra lệnh tiếp tục các hoạt động tìm kiếm và cứu hộ cho đến khi chiếc máy bay chở Phó Tổng thống Saulos Klaus Chilima được tìm thấy.
66,66679047653280ea254fa635,VTV.vn - Một loạt cuộc đua thuyền rồng đã được tổ chức tại nhiều thành phố của Trung Quốc để chào mừng lễ hội thuyền rồng nổi tiếng.
67,66679047653280ea254fa639,VTV.vn - Chính phủ Bangladesh đã có kế hoạch ​​cung cấp giáo dục miễn phí cho học sinh đến lớp 8 nhằm mở rộng và cải thiện giáo dục tiểu học.
68,66679048653280ea254fa63b,"VTV.vn - Hôm 9/6, Hàn Quốc và Mỹ đã hoàn tất việc rà soát tài liệu về nguyên tắc chung nhằm tăng cường chính sách răn đe hạt nhân của hai quốc gia đồng minh này."
69,666790d2653280ea254fa63f,Dưới đây là thời gian công bố điểm thi vào lớp 10 năm học 2024 - 2025 của tất cả các tỉnh thành trên cả nước.
70,6667914b653280ea254fa641,"Phạm vi quy hoạch gồm toàn bộ phạm vi phần lãnh thổ tỉnh Hưng Yên, có tổng diện tích tự nhiên 930,22km2, với 10 đơn vị hành chính, bao gồm thành phố Hưng Yên, thị xã Mỹ Hào và 8 huyện."
71,66679196653280ea254fa643,"Sau Lisa, Jennie của Blackpink cũng ra mắt với tư cách người mẫu trên sàn diễn thời trang quốc tế."
72,666791bf653280ea254fa645,"Hiện vụ 2 người phụ nữ bạo hành, giam lỏng em dâu để ""trừ tà"" đang gây xôn xao và khiến dư luận đặt câu hỏi họ sẽ bị xử lý thế nào?"
73,666791e5653280ea254fa649,Giới chức Malawi chưa thể liên lạc với phi cơ chở Phó tổng thống Chilima sau khi nó hạ cánh bất thành xuống thành phố Mzuzu và phải quay đầu.
74,6667928d653280ea254fa64b,"Ngày 10/6, Maybank Research Pte Ltd dự báo rằng tăng trưởng Tổng sản phẩm quốc nội (GDP) của sáu quốc gia thành viên ASEAN  - bao gồm Indonesia, Malaysia, Philippines, Singapore, Thái Lan và Việt Nam - ước đạt 4,5%- 4,7% vào năm 2024 và 2025, từ mức 4,0% của năm 2023."
75,6667928d653280ea254fa64d,"Ngày 10/6, nhà sản xuất dược phẩm Moderna của Mỹ cho biết trong giai đoạn thử nghiệm cuối, vaccine kết hợp phòng cúm và COVID-19 của hãng này tạo phản ứng miễn dịch mạnh hơn ở người từ 50 tuổi trở lên so với các mũi tiêm phòng đơn lẻ."
76,66679292653280ea254fa64f,"VTV.vn - Lực lượng Houthi ở Yemen đã tấn công hai tàu ở vịnh Aden hôm 9/6, đây là cuộc tấn công tàu thuyền mới nhất của Houthi trong khu vực này."
77,66679292653280ea254fa651,"VTV.vn - Những người Việt đã có bước tiến mới trong việc hội nhập với xã hội Bỉ khi tổ chức nhiều hoạt động giao lưu văn hóa, nghệ thuật."
78,6667936a653280ea254fa655,"Ngồi lâu một chỗ, lười vận động, nguy cơ mắc sỏi mật cao hơn so với người tập thể dục thường xuyên."
79,666793e8653280ea254fa658,"Trong số những cái tên nổi bật vượt qua vòng một có cựu Thủ tướng Somchai Wongsawat ở Chiang Mai, cựu nghị sỹ đảng Dân chủ Taenkhun Chitisara, cựu nghị sỹ đảng Thai Rak Thai Chakraphan Yomchinda"
80,666793ef653280ea254fa65a,"Cho dù có rơi vào hoàn cảnh nào, Đội tuyển Việt Nam cũng cần chơi một trận hết khả năng trên sân Đội tuyển Iraq lúc 1h ngày 12.6."
81,666793ef653280ea254fa65c,"Chấn thương đã khiến Harry Maguire không thể tham dự EURO 2024 cùng đội tuyển Anh, để lại bài toán khó giải cho ông thầy Gareth Southgate khi những cái tên còn lại đều có ít nhiều vấn đề."
82,666793fa653280ea254fa65e,"Có nhiều lý do khiến MV ""Đừng làm trái tim anh đau"" của Sơn Tùng M-TP được khán giả yêu thích."
83,66679402653280ea254fa660,Thethaovanhoa.vn cập nhật kết quả bóng đá vòng loại World Cup 2026 khu vực châu Á - KQBD các trận đấu bóng đá thuộc vòng loại World Cup 2026.
84,66679412653280ea254fa662,Lương Thu Trang tiết lộ cô phải chấp nhận hy sinh để hoàn thành cảnh quay hóa giải mâu thuẫn giữa các nhân vật trong phim &quot;Trạm cứu hộ trái tim&quot;.
85,66679415653280ea254fa664,"4 năm sau cuộc tình chóng vánh với cầu thủ Tiến Linh, Huỳnh Hồng Loan sống kín tiếng hơn về đời tư."
86,66679415653280ea254fa668,"Nhiều người nhận xét rằng, Huỳnh Hồng Loan ngày càng xinh đẹp, sang chảnh hơn từ sau khi ""đường ai nấy đi"" với chàng cầu thủ."
87,66679415653280ea254fa666,(Kiến Thức) - Bạn gái cũ của tiền đạo Tiến Linh - Huỳnh Hồng Loan mới đây khiến người hâm mộ trầm trồ khi khoe căn hộ hàng tỷ đồng thứ hai mà cô sở hữu.
88,66679436653280ea254fa66a,VOV.VN - iPhone 16 đã trở thành chủ đề được quan tâm rất nhiều trong vài tháng gần đây với tin đồn mới nhất liên quan đến thiết kế pin cải tiến trên sản phẩm.
90,6667943c653280ea254fa66e,"Trí tuệ nhân tạo (AI) trong quân sự thường được gắn với những loại vũ khí hiện đại, song quy mô ảnh hưởng của AI được cho là còn rộng hơn thế."
91,6667944f653280ea254fa672,ANTD.VN - Thủ tướng Narendra Modi cùng 71 thành viên trong Nội các mới của Ấn Độ đã tuyên thệ nhậm chức với không ít những thuận lợi và thách thức hướng tới một trong những mục tiêu lớn nhất của quốc gia đông dân nhất thế giới này là trở thành nền kinh tế lớn thứ 3 toàn cầu trong 5 năm tới.
92,6667944f653280ea254fa674,"ANTD.VN - Các đối tượng giả mạo văn bản, giả mạo con dấu chữ ký của lãnh đạo và giả mạo website của Bộ Tài chính để lừa đảo."
93,66679459653280ea254fa676,"Qua 76 năm thực hiện Lời kêu gọi thi đua ái quốc của Bác Hồ, thành phố Hà Nội đã sáng tạo, đổi mới các phong trào thi đua. Khí thế thi đua sôi nổi, rộng khắp từ thành phố đến cơ sở đã góp phần để Hà Nội đạt được những kết quả quan trọng trong từng giai đoạn phát triển của Thủ đô."
95,666794d7653280ea254fa67a,"Nhiều người có thói quen vò nát lá rau ngót trước khi nấu để rau mềm, dễ ăn. Cách này có khiến rau bị mất dinh dưỡng? (Thương, 29 tuổi, Thanh Hóa)"
96,666794dc653280ea254fa67c,"(Dân trí) - Đội tuyển Hà Lan có chiến thắng đậm đà 4-0 trước Iceland ở trận giao hữu tối 10/6, nhưng niềm vui không trọn vẹn khi ngôi sao Frenkie De Jong được thông báo sẽ không thể tham dự Euro 2024."
97,666795d7653280ea254fa67e,Tuyển Ý có thể sẽ gặp nhiều khó khăn trong cuộc đua giành vé vượt qua vòng bảng EURO 2024.
98,66679659653280ea254fa680,Ukraine tập kích 3 hệ thống phòng không Nga ở bán đảo Crưm. Nga giành quyền kiểm soát làng Staromaiorske ở vùng Donetsk.
99,6667965c653280ea254fa682,"Dự báo thời tiết ngày 11/6/2024, khu vực Bắc Bộ và Thanh Hóa có mưa rào và giông vài nơi. Sang ngày mai, phía Đông Bắc Bộ và khu vực từ Thanh Hóa đến Bình Thuận có nắng nóng, có nơi nắng nóng gay gắt."
100,66679669653280ea254fa684,"Thầy trò HLV Kim Sang Sik đã hoàn tất công tác chuẩn bị, chốt phương án chiến thuật và nhân sự tốt nhất cho trận gặp Iraq tại vòng loại thứ hai World Cup 2026 sau buổi tập tối 10/6 (giờ Iraq)."
101,66679677653280ea254fa686,"Ijin và Ijun - cặp song sinh của hot girl Sam trộm vía ngày càng bụ bẫm, kháu khỉnh, được xem là hai em bé hot nhất nhì Vbiz hiện tại."
102,66679677653280ea254fa688,"Hoa hậu Hoàn vũ Albania 2024 Franceska Rustem sở hữu vóc dáng nóng bỏng, gợi cảm."
103,66679680653280ea254fa68a,"Rừng ngập mặn Bàu Cá Cái là một trong những điểm du lịch còn hoang sơ, thu hút du khách ghé thăm tại Quảng Ngãi."
104,666796a5653280ea254fa68c,"(Dân trí) - Hermès Kelly Doll nổi tiếng thế giới bởi thiết kế độc đáo với gương mặt cười, có tay và chân cùng mức giá đắt đỏ."
105,666796b1653280ea254fa68e,"Với sự năng động, trách nhiệm, bà Phạm Thị Hải hiện đang đảm nhiệm nhiều cương vị: Chủ tịch Hội Nạn nhân chất độc da cam - dioxin, Phó Chủ tịch Hội Chữ thập đỏ phường Khương Đình; Tổ phó tổ dân phố số 22 phường Khương Đình (quận Thanh Xuân); Tổ trưởng tổ phòng cháy, chữa cháy tổ dân phố số 22."
106,666796b9653280ea254fa690,"Dự báo, hôm nay (11/6), khu vực Tây Nguyên và Nam Bộ có mưa rào và dông rải rác, cục bộ có mưa to. Trong mưa dông có khả năng xảy ra lốc, sét, mưa đá và gió giật mạnh. Cảnh báo, mưa với cường suất lớn trong một thời gian ngắn gây ngập úng tại các khu đô thị."
107,66679739653280ea254fa692,"Trước nhu cầu học lấy chứng chỉ nghề ngắn hạn để xuất khẩu lao động hoặc định cư nước ngoài của bạn trẻ ngày càng cao, nhiều trường trung cấp tại TP.HCM đã thiết kế các khóa đào tạo ngắn hạn từ 3 - 12 tháng."
108,66679744653280ea254fa694,VTV.vn - Ngoại trưởng Mỹ Antony Blinken hôm 10/6 đã bắt đầu chuyến công du Trung Đông nhằm thúc đẩy kế hoạch ngừng bắn ở Dải Gaza.
109,66679745653280ea254fa698,VTV.vn - Cơ quan quản lý viễn thông Israel vào ngày 9/6 đã gia hạn lệnh cấm hoạt động của Al Jazeera tại nước này thêm 45 ngày.
111,666797f8653280ea254fa69c,"Mưa đá làm gãy một phần mũi máy bay, để lại vết nứt trên cửa sổ buồng lái khi máy bay của Austrian Airlines đang chở khách du lịch trở về từ Palma de Mallorca."
112,666797f8653280ea254fa69e,"Hôm nay (11/6), các tỉnh miền trung bắt đầu đợt nắng nóng mới, có nơi nắng nóng gay gắt với nhiệt độ cao nhất hơn 37 độ C. Dự báo, nắng nóng ở khu vực Trung Bộ có khả năng kéo dài trong nhiều ngày tới."
113,66679821653280ea254fa6a0,"Các triệu chứng của ung thư túi mật không đặc trưng, nếu có những dấu hiệu sau, bạn nên chú ý, đừng nhầm lẫn kẻo hối không kịp."
114,66679821653280ea254fa6a2,"Phó viện trưởng Giang Phàm cho biết, túi mật của cô Vương được phát hiện chứa đầy sỏi trong quá trình phẫu thuật, tổng cộng có khoảng hơn 100 viên."
115,66679861653280ea254fa6a4,"Trong phim truyền hình mới 'Đừng khóc anh đây rồi', diễn viên Ngô Phương Anh và Lê Nguyên Bảo cứ đến cảnh tình cảm với nhau là phải tập trung cao độ để không phải bị 'xì'- lời  Lê Nguyên Bảo."
116,666798a2653280ea254fa6a6,Thủ môn dự bị của MU đảm nhiệm vai trò quan trọng ở ĐT Anh tại EURO 2024.
117,666798ba653280ea254fa6a8,MC Diệp Chi nổi tiếng với khán giả trong hình ảnh một người dẫn chương trình thông minh và duyên dáng.
118,666798d0653280ea254fa6aa,"Nơi đây được mệnh danh là tuyến đường thơ mộng nhất Đà Lạt, sở hữu khung cảnh thiên nhiên lãng mạn, hữu tình với những hàng thông xanh mát."
119,666798d0653280ea254fa6ac,"Bất ngờ xuống núi, ""em gái bán lê"" Hà Giang - Vàng Thị Sinh khoe những bức ảnh đi biển với bộ bikini chào hè gây chú ý."
120,666798e5653280ea254fa6ae,"Sở hữu vẻ đẹp trong veo, nhẹ nhàng và thanh thoát, Lọ Lem - con gái đầu lòng của MC Quyền Linh được khen có nhan sắc của một hoa hậu tương lai."
121,666798ea653280ea254fa6b0,"(Dân trí) - NATO đang sử dụng trí tuệ nhân tạo (AI) để phân tích hình ảnh vệ tinh về các sân bay, máy bay của Nga trong một động thái hỗ trợ cho Ukraine."
122,666798fb653280ea254fa6b2,"ANTD.VN - Tối 10-6, Công an phường Thanh Trì phối hợp với cấp uỷ, chi bộ tổ dân phố số 3+4 phường Thanh Trì, đã tổ chức tuyên truyền về an toàn PCCC&CNCH cho nhân dân trong tổ dân phố; đồng thời trao tặng 50 bình chữa cháy đến các hộ gia đình có hoàn cảnh khó khăn trên địa bàn."
123,66679913653280ea254fa6b4,"Khoảng 22h ngày 10-6, trên khu vực đường dành cho xe máy và xe thô sơ trên cầu Vĩnh Tuy hướng từ quận Hai Bà Trưng sang quận Long Biên, người dân phát hiện một xe máy biển kiểm soát 19L6-62xx vứt lại, đã nhanh chóng báo cho cơ quan chức năng."
124,66679916653280ea254fa6b6,"ANTD.VN -  Fanpage ""Thư Viện Pháp Luật / Tư Vấn Pháp Luật Trực Tuyến"" đã sử dụng giao diện VTV Online đăng tải thông tin sai sự thật, có dấu hiệu của hành vi lừa đảo."
125,66679917653280ea254fa6b8,"Hà Nam- Trần Tuệ Lâm trở thành thủ khoa lớp 10 trường THPT chuyên Biên Hòa với 47,25/50 điểm, trong đó môn chuyên Vật lý đạt 9,75."
126,66679921653280ea254fa6ba,"Ba doanh nghiệp gồm CTCP Đầu tư và Phát triển Sài Gòn, CTCP Khoáng sản Sài Gòn-Quy Nhơn và CTCP Tập đoàn FLC vừa bị Ủy ban Chứng khoán Nhà nước xử phạt hành chính, với tổng mức tiền phạt 277,5 triệu đồng do các vi phạm: không công bố, công bố thông thông tin sai hạn nhiều tài liệu: báo cáo tài chính; tình hình sử dụng số tiền thu được từ việc phát hành trái phiếu; tình hình thanh toán lãi, gốc trái phiếu; tình hình quản trị công ty…"
127,66679992653280ea254fa6bc,VTV.vn - Hiệp hội Y khoa Hàn Quốc (KMA) - hiệp hội bác sĩ quốc gia lớn nhất  với hơn 129.000 thành viên - đã công bố kế hoạch tiến hành một cuộc đình công toàn diện vào ngày 18/6.
128,66679996653280ea254fa6be,"(Dân trí) - Sau khi Roland Garros 2024 kết thúc, Jannik Sinner và Carlos Alcaraz đã vượt lên trên Novak Djokovic ở bảng xếp hạng của Hiệp hội quần vợt nam quốc tế (ATP)."
129,66679996653280ea254fa6c0,"(Dân trí) - Truyền thông Indonesia bày tỏ sự lo ngại khi trọng tài người Uzbekistan, Rustam Lutfullin sẽ bắt chính ở trận đấu của đội nhà với Philippines vào 19h30 tối nay."
130,66679a7c653280ea254fa6c2,Những kiểu người có dấu hiệu cư xử hoặc nói chuyện như thế này thì chúng ta nên tránh xa tuyệt đối ngay từ đầu.
131,66679a8e653280ea254fa6c4,Khu vực Đông Nam Á có thể chứng kiến bước đột phá tại vòng loại World Cup 2026.
132,66679a8f653280ea254fa6c6,"Nhận định, dự đoán kết quả trận đấu Iraq vs Việt Nam thuộc vòng loại World Cup 2026 khu vực châu Á diễn ra lúc 1h ngày 12/6."
133,66679a95653280ea254fa6c8,Nam ca sĩ sinh năm 1989 đã về chung một nhà với bạn gái sau gần 10 năm yêu.
134,66679aae653280ea254fa6ca,"Để đảm bảo mực nước không vượt quá cao trình 120m, đồng thời tránh xả cấp tập khi lưu lượng nước về hồ tăng đột biến, hồ thủy điện Tuyên Quang mở hoàn toàn 1 cửa xả đáy vào hồi 8 giờ ngày 11/6."
135,66679af4653280ea254fa6cc,"Những tưởng Real Madrid sẽ từ chối tham dự giải đấu cấp câu lạc bộ của FIFA nhưng đến phút chót, nhà đương kim vô địch Champions League đã đính chính những thông tin ""không chính thức"" đang lan truyền có liên quan đến thuyền trưởng Carlo Ancelotti."
136,66679af5653280ea254fa6ce,Hai nhiệm kỳ trước của Thủ tướng Modi để lại dấu ấn nổi bật với các sáng kiến quan trọng trong đó có chương trình chăm sóc sức khỏe miễn phí lớn nhất thế giới (Ayushman Bharat).
137,66679af5653280ea254fa6d0,"Khoảng 23h đêm (giờ địa phương) ngày 9/6, hai đối tượng nam mang súng mặc đồ đen đã đột nhập vào một ngôi nhà ở khu vực đông dân cư, xả súng sát hại 6 người."
138,66679b04653280ea254fa6d2,"Hội nghị kéo dài 2 ngày của các Bộ trưởng Ngoại giao BRICS do Ngoại trưởng Nga Sergei Lavrov chủ trì khai mạc ngày 10.6 tại Nizhny Novgorod, Nga. Ngoài 10 nước thành viên, hội nghị có sự tham dự của đại diện các nước bạn bè của BRICS."
139,66679b04653280ea254fa6d4,"Tin bão mới nhất của Philstar cho hay, khả năng áp thấp gần Biển Đông hình thành ngày 10.6 mạnh lên thành bão trong 24 đến 48 giờ tiếp theo là thấp."
140,66679b18653280ea254fa6d6,Nhiều khán giả thắc mắc về cuộc hôn nhân của Thủy Tiên - Công Vinh hiện tại ra sao.
141,66679b18653280ea254fa6da,Hình ảnh gia đình Thủy Tiên - Công Vinh trên máy bay trong chuyến du xuân đầu năm gây chú ý.
142,66679b18653280ea254fa6dc,Mối quan hệ hiện tại của Kỳ Duyên - Minh Triệu nhận được nhiều sự quan tâm.
143,66679b18653280ea254fa6d8,"Năm 2021, Thủy Tiên - Công Vinh vướng ồn ào với bà Nguyễn Phương Hằng. Mới đây, cặp đôi đòi bà Hằng bồi thường tổn thất về vật chất 30,4 tỷ."
144,66679b26653280ea254fa6de,"Cựu ""gà cưng"" Vũ Khắc Tiệp là Huỳnh Tiên sở hữu phong cách thời trang gợi cảm, tôn được vóc dáng cuốn hút của bản thân."
145,66679b2e653280ea254fa6e2,"Vì không đủ tiền trả hóa đơn thanh toán là hơn 25 triệu đồng nên nhóm đối tượng đã giam lỏng 2 vị khách 14, 15 tuổi tại quán bar 33 Mã Mây, quận Hoàn Kiếm."
146,66679b2e653280ea254fa6e4,"Công an làm rõ, nhóm người Malaysia đã thuê 2 căn nhà ở TP.HCM để “giam lỏng” 30 người Indonesia rồi cưỡng ép, huấn luyện họ lừa đảo qua mạng viễn thông."
147,66679b46653280ea254fa794,"Trong khuôn khổ Hội thảo và không gian trưng bày ""Nông nghiệp đô thị - Lợi ích kép
cho người dân đô thị"" ngày 6-7/6 tại TP. HCM, combo sản phẩm Phu My Garden
của PVFFCo và PVFCCo-PSE đã thu hút sự quan tâm đặc biệt của khách hàng tham dự."
148,66679b61653280ea254fa85b,"HLV Ronald Koeman trách Barca mạo hiểm dùng Frenkie de Jong quá sớm, khiến anh tái phát chấn thương, lỡ Euro 2024."
149,66679b69653280ea254fa85d,"ANTD.VN - Ngày 10-6, Hội đồng Bảo an Liên hợp quốc đã thông qua nghị quyết do Mỹ soạn thảo ủng hộ đề xuất của Tổng thống Mỹ Joe Biden về kế hoạch ngừng bắn giữa Israel và Phong trào Hồi giáo Hamas ở Dải Gaza."
150,66679be8653280ea254fa85f,VTV.vn - Bộ trưởng Bộ Y tế Nga Mikhail Murashko cho biết các nhà nghiên cứu nước này đang hoàn tất những thử nghiệm vaccine chống ung thư.
151,66679cee653280ea254fa861,"GD&TĐ - Ba tháng Hè, học sinh cần được quan tâm đến sức khỏe tinh thần và rèn kỹ năng sống nhiều hơn."
152,66679d25653280ea254fa863,"Một công ty vũ khí Hàn Quốc từng bị coi là “đi sau thời đại”, nay lại đang sản xuất pháo tự hành nhanh gấp đôi so với các đối thủ phương Tây, theo Business Insider."
153,66679d4f653280ea254fa865,"Tuyển Iraq vẫn có rất nhiều động lực để giành chiến thắng trước tuyển Việt Nam , dù đã sớm có vé đi tiếp tại vòng loại World Cup 2026 khu vực châu Á."
154,66679d4f653280ea254fa867,"Link xem trực tiếp trận đấu giữa tuyển Thái Lan và Singapore tại vòng loại thứ 2 World Cup 2026, diễn ra lúc 19h30 hôm nay (11.6)."
155,66679d8a653280ea254fa86b,Sau buổi đi chơi đến nay đã 3 ngày nữ sinh Nguyễn Thị Huyền D. lớp 11 ở huyện Thạch Hà (Hà Tĩnh) mất liên lạc với gia đình.
156,66679d8a653280ea254fa869,"Thời gian vừa qua có hàng loạt các vụ nữ sinh mất tích xảy ra trên cả nước. Rất may, đa số các em đều được tìm thấy và về nhà an toàn."
157,66679d8a653280ea254fa86d,"Chị N.T.H (mẹ nữ sinh Hằng) cho biết, mặc dù gia đình đã nhờ phía công an đăng thông báo tìm người, nhưng đến nay sau gần một tuần, con gái chị vẫn chưa rõ tung tích."
158,66679d9a653280ea254fa86f,(Dân trí) - Hình ảnh vệ tinh mới được công bố cho thấy máy bay chiến đấu Su-57 dường như đã bị phá hủy tại sân bay của Nga.
159,66679d9e653280ea254fa871,"Quân đội Ukraine chỉ định phó tư lệnh quân đội Sukharevskyi làm chỉ huy lực lượng drone mới thành lập, trong nỗ lực thúc đẩy phát triển lĩnh vực này."
160,66679d9e653280ea254fa873,Bồi thẩm đoàn tòa án liên bang ở Wilmington bắt đầu luận tội Hunter Biden trong vụ truy tố với cáo buộc sở hữu vũ khí trái phép.
161,66679da7653280ea254fa875,Đội tuyển Việt Nam hy vọng sẽ giành được kết quả tốt ngay tại sân Basra của Iraq và chờ đợi tỷ số có lợi ở trận đấu giữa Indonesia và Philippines để giành tấm vé đi tiếp vào vòng loại thứ 3 World Cup 2026 khu vực châu Á.
162,66679da8653280ea254fa877,"ANTD.VN - Từ hôm nay 11/6, miền Bắc bước vào đợt nắng nóng, nhiệt độ cao nhất ngày lên 35 độ C. Đến ngày 14/6, miền Bắc lại mưa lớn diện rộng, dự báo kéo dài đến 17/6, tâm mưa ở trung du và vùng núi."
163,66679daa653280ea254fa879,"(Dân trí) - Ông Triệu Văn Thu đã bí mật trồng gần 500 cây thuốc phiện, lấy quả chiết nhựa để sử dụng."
164,66679dc5653280ea254fa87d,"Đội tuyển Việt Nam quyết tâm có trận đấu &quot;ra trò&quot; trước đội tuyển Iraq ở lượt trận cuối bảng F, vòng loại thứ hai World Cup 2026 khu vực châu Á diễn ra lúc 1 giờ sáng 12.6 (giờ Việt Nam)."
165,66679de3653280ea254fa87f,"VTV.vn - Tại sự kiện WWDC 2024, Apple đã chính thức công bố bản cập nhật iOS 18 dành cho iPhone cùng hàng loạt phiên bản mới của các hệ điều hành iPadOS, watchOS,  macOS Sequoia..."
166,66679e40653280ea254fa881,"(Dân trí) - Cầu Hưng Đức dài hơn 4km nối đôi bờ sông Lam đã sắp hoàn thiện. Sau khi thông xe vào cuối tháng 6, đây sẽ là cây cầu dài nhất trên tuyến cao tốc Bắc - Nam."
167,66679e40653280ea254fa883,"(Dân trí) - Mưa từ khoảng 19h ngày 10/6 đến sáng 11/6 khiến nhiều địa điểm của TP Sông Công, TP Phổ Yên (Thái Nguyên) ngập sâu."
168,66679e61653280ea254fa889,"Triển lãm Quà tặng & Đồ Gia dụng Gia đình tại Việt Nam - Home Show Vietnam 2024 sẽ diễn ra từ 13 – 15/6/2024 tại Trung tâm Hội chợ và Triển lãm Sài Gòn (SECC), 799 Nguyễn Văn Linh, Quận 7, TP.HCM."
169,66679e61653280ea254fa885,"(Tổ Quốc) - Giữa những tháng 6 oi ả và nắng nóng, Hà Nội vẫn có một góc nhỏ thơ mộng và thanh tao, nơi mà người Hà Nội dường như bỏ quên những bận rộn thường ngày để thức dậy thật sớm, ngắm nhìn những nụ sen hồng chớm nở..."
170,66679e61653280ea254fa887,"Tìm việc làm thêm cho kỳ nghỉ hè là nhu cầu được các bạn sinh viên vô cùng quan tâm. Tại Công ty Cổ phần đào tạo Sedu, nhiều cơ hội việc làm cho sinh viên đã được mở ra với nền tảng thu nhập và những cơ hội thăng tiến hấp dẫn."
171,66679e61653280ea254fa88b,"Đầu tư mạnh về cơ sở vật chất nên không lạ gì khi các phòng học thực hành ở Royal School được học sinh siêu mê, phụ huynh tin tưởng cho con theo học và phát triển toàn diện."
172,66679fb3653280ea254fa88d,"Huyền thoại bóng đá Thái Lan, Kiatisuk Semamuang được cho là đã lọt vào tầm ngắm của các CLB lớn ở Indonesia."
173,66679fb5653280ea254fa88f,"Hoa hậu Thanh Thủy hóa nàng thơ xinh đẹp khi mặc đầm cưới. Nghệ sĩ Vân Dung đăng tải hình ảnh xinh đẹp, chiêm nghiệm đôi điều về cuộc sống."
174,66679fdd653280ea254fa891,Tám chị gái của chú rể đã tặng những chiếc vòng cổ kết bằng tiền mặt cho cặp đôi để làm quà mừng đám cưới.
175,66679fdd653280ea254fa897,Elly Trần mới đăng tải bức ảnh mới trong tư thế uống nước. Nhưng điều đáng chú ý đó là cách tạo dáng và thần thái của hot girl ngực khủng này.
176,66679fdd653280ea254fa893,"Trong tháng 7/2024, có 3 con giáp vận may khởi sắc, thu nhập tăng cao, thăng quan tiến chức, ghi điểm tuyệt đối với cấp trên."
177,66679fdd653280ea254fa895,"Các ấn phẩm khoa học quốc tế đánh giá, vùng trũng Na Dương là “một cánh cửa đặc biệt nhìn vào các hệ sinh thái Eocene từ Đông Nam Á”, “chìa khóa để hiểu về quá trình tiến hóa lưu vực Paleogene”..."
178,66679fe7653280ea254fa899,"(PLO)- Một số chuyên gia cho rằng trong phiên cuối tuần trước, thị trường vàng thế giới đã rơi vào tình trạng “quá bán”, tức là nhà đầu tư hoảng loạn bán ra quá mức cần thiết. Trong thời gian tới, chuyên gia nhận định diễn biến liên quan Trung Quốc sẽ ảnh hưởng đến thị trường."
179,66679ff1653280ea254fa89b,"(Dân trí) - Thượng nghị sĩ Mỹ Lindsey Graham so sánh Ukraine với một ""mỏ vàng"" khi cho rằng Kiev có trữ lượng khoáng sản trị giá 10.000-12.000 tỷ USD."
180,66679ff5653280ea254fa89d,ANTD.VN - HLV Jose Mourinho tin rằng đội tuyển Anh và đội bóng quê hương Bồ Đào Nha là những ứng viên sáng giá cho chức vô địch EURO 2024.
181,6667a012653280ea254fa89f,"Theo báo Indonesia CNBC, đội tuyển nước này hào nhoáng hơn hẳn Philippines, trước cuộc đối đầu ở lượt cuối bảng F, vòng loại hai World Cup 2026."
182,6667a01c653280ea254fa8a1,Chủ tịch Liên đoàn Bóng đá Indonesia (PSSI) Erick Thohir cảnh báo đội tuyển nước nhà phải đặt sự tập trung cao độ bởi không dễ thắng Philippines ở lượt trận cuối bảng F vòng loại thứ 2 World Cup 2026 khu vực châu Á diễn ra lúc 19 giờ 30 ngày 11.6.
183,6667a034653280ea254fa8a3,"Thực hiện chủ trương của Ðảng, Nhà nước về phát triển rừng bền vững, đến nay, nhiều địa phương nhờ làm tốt công tác trồng rừng, chăm sóc, bảo vệ rừng đã nâng tỷ lệ che phủ rừng lên mức cao, góp phần gia tăng diện tích rừng toàn quốc, đồng thời qua đó người dân ngày càng có trách nhiệm hơn trong việc chăm sóc, bảo vệ và phát triển rừng..."
184,6667a17d653280ea254fa8a5,"Một lần nói xấu mẹ chồng với bạn thân bị phát hiện, bố mẹ gọi vợ chồng tôi về nói chuyện dưới sự chứng kiến của họ hàng. Tôi không biết chui đi đâu cho hết xấu hổ."
185,6667a18f653280ea254fa8a7,Doãn Hải My không bị stress sau sinh vì có Văn Hậu và gia đình luôn chia sẻ và đỡ đần việc chăm em bé.
186,6667a1fb653280ea254fa8a9,"Link xem trực tiếp trận đấu giữa tuyển Indonesia và Philippines tại vòng loại thứ 2 World Cup 2026, diễn ra lúc 19h30 hôm nay (11.6)."
187,6667a200653280ea254fa8ab,Dự án phim ngắn CJ 2024 vừa công bố 14 dự án xuất sắc chính thức bước vào vòng thuyết trình ý tưởng. Đây là 14 trong hơn 400 hồ sơ gửi về cho chương trình được ban giám khảo lựa chọn kĩ lưỡng để tham gia vòng thuyết trình Dự án phim ngắn CJ mùa 5 dự kiến diễn ra vào ngày 18/6.
188,6667a200653280ea254fa8ad,"Nói tiếng Anh không còn là nỗi sợ hãi khi bạn có thể tận dụng chính những lỗi sai của mình để tiến bộ. Phương pháp Mistake-driven Learning được ứng dụng trong PrepTalk - khoá học tiếng Anh giao tiếp thông minh cùng AI mới của Prep sẽ cùng bạn vượt qua nỗi sợ, tự do sai để tự tin đúng hơn mỗi ngày."
189,6667a200653280ea254fa8af,"Với mức giá chỉ từ 5 triệu cùng hiệu suất tiết kiệm điện, độ bền cao và nhiều tính năng hữu ích, điều hoà Funiki mang tới nhiều lựa chọn phù hợp để gia đình trẻ ở căn hộ chung cư nâng cấp không gian sống mà vẫn tiết kiệm chi phí."
190,6667a202653280ea254fa8b1,"Năm nay, các ngành top như Công nghệ thông tin, Truyền thông vẫn là những ngành &quot;top trending&quot; với tỉ lệ chọi cao. Tuy nhiên, có những 2K6 lại có bí kíp siêu xịn để học ngành hot, trường top một cách an tâm."
191,6667a203653280ea254fa8b3,"Trang web nghề nghiệp Zippia dự báo AI có thể tạo ra 97 triệu việc làm, nhưng cũng khiến 375 triệu công việc lỗi thời. Khoảng 400 - 800 triệu cá nhân có thể bị thay thế vào năm 2030 trên toàn thế giới."
192,6667a203653280ea254fa8b7,"Nổi tiếng với tinh thần luôn đi đầu trong cuộc cách mạng đổi mới và sáng tạo, nhà sản xuất đồng hồ cao cấp Thụy Sĩ Hublot đã công bố một sự hợp tác đột phá với nghệ sĩ đương đại nổi tiếng Daniel Arsham."
193,6667a212653280ea254fa8b9,"Decao tiếp tục vắng mặt trong tập 13 chương trình Mẹ siêu nhân. Trước đó, vợ chồng Decao - Lâm Minh bị VTV cắt sóng hai tuần vì ồn ào gia đình."
194,6667a212653280ea254fa8bb,"Theo dõi hành trình lớn lên của Bảo Nam, nhiều người không khỏi bất ngờ với diện mạo của con trai Quang Dũng - Jennifer Phạm ở tuổi dậy thì."
195,6667a22a653280ea254fa8c5,"Mới đây, Agribank tung ra thị trường phiên bản cập nhật của Agribank E-Mobile Banking - “Agribank Plus”. Sự bùng nổ về giao diện và công nghệ lần này nhanh chóng thu hút đông đảo người dùng, đặc biệt là khách hàng thân thiết."
196,6667a230653280ea254fa8c7,"Là một hot girl xinh đẹp, nóng bỏng từng góp mặt trong dàn hot girl cổ vũ World Cup 2018, cuộc sống hiện tại của Phạm Diệu Linh giản dị, nhẹ nhàng."
197,6667a251653280ea254fa8cd,"Tại hội nghị các nhà phát triển - WWDC 2024, Apple đã công bố  bản cập nhật phần mềm lớn tiếp theo cho iPhone mang tên iOS 18 với một  loạt cải tiến dành cho các ứng dụng và hệ điều hành của chính công  ty."
198,6667a251653280ea254fa8cf,Một trong những tính năng nhận được nhiều sự chú ý trên iOS 18 mà Apple vừa công bố tại hội nghị các nhà phát triển - WWDC 2024 chính là khả năng khóa từng ứng dụng trên iPhone.
199,6667a253653280ea254fa8d1,"(Dân trí) - Ở kỳ thực tập giáo trình Ngoại sản cho sinh viên năm 3 do Khoa Thú y tổ chức, sinh viên Học viện Nông nghiệp Việt Nam được khuyến khích tự chọn nơi thực tập để vận dụng lý thuyết vào thực tiễn và phù hợp với định hướng của mình."
200,6667a269653280ea254fa8d7,"UBND tỉnh Thanh Hoá vừa có quyết định điều chỉnh, bổ sung kế hoạch phát triển sự nghiệp giáo dục tỉnh Thanh Hoá năm 2024-2025."
201,6667a26f653280ea254fa8d9,"Nền tảng đào tạo trực tuyến của GetCourse hướng tới các doanh nghiệp, cá nhân khởi nghiệp hoặc mở rộng quy mô kinh doanh khóa học, khóa đào tạo trực tuyến."
202,6667a271653280ea254fa8db,"Quá trình điều tra giai đoạn 2 của vụ án, C03 đã rà soát, truy thu, phong tỏa, ngăn chặn giao dịch các tài sản, tài khoản có nguồn gốc từ hành vi phạm tội của bà Trương Mỹ Lan và các bị can, những người liên quan được bà Lan nhờ đứng tên. Ước tính, tổng số tài sản bị phong tỏa lên đến hàng chục nghìn tỷ đồng."
203,6667a274653280ea254fa8dd,"Trong một số lần gợi ý bạn gái khoả thân, Thành đã lén chụp lại những hình ảnh nhạy cảm của chị L.C, lưu trữ trong điện thoại."
204,6667a277653280ea254fa8df,"Đội tuyển Việt Nam đã có buổi làm quen với sân vận động quốc tế Basra, nơi sẽ tổ chức cuộc so tài với Iraq lúc 1 giờ ngày 12.6."
206,6667a2ec653280ea254fa8e3,"VTV.vn - Một đợt nắng nóng lớn có thể lan rộng khắp các khu vực ở miền Bắc Trung Quốc, đẩy nhiệt độ lên mức cao kỷ lục tại một số vùng ở nước này."
207,6667a2ee653280ea254fa8e5,"(Dân trí) - Báo giới Indonesia lo lắng Iraq sẽ ""trợ giúp"" đội tuyển Việt Nam khi chỉ tung ra sân đội hình dự bị. Bên cạnh đó, họ cũng nghi ngờ HLV Shin Tae Yong ở thời điểm quyết định."
208,6667a2f3653280ea254fa8e7,"Nhiều người tự dùng thuốc nhỏ mũi co mạch thời gian dài để giảm triệu chứng viêm mũi xoang, gây phù nề cuốn mũi, phải phẫu thuật."
210,6667a3d7653280ea254fa8eb,Càng ngày tôi càng thấy sợ gần gũi với chồng vì anh quá hôi bẩn. Nhiều lúc tôi cảm thấy bế tắc nếu cuộc sống vợ chồng cứ mãi như thế này.
211,6667a3d7653280ea254fa8ed,"Tiêm vắc xin, ăn uống lành mạnh, hạn chế rượu bia... là những hành động nhỏ có thể giúp lá gan của bạn tránh khỏi “tầm ngắm” bệnh ung thư."
212,6667a3df653280ea254fa8ef,"VOV.VN -  Dương Cẩm Lynh cho biết cô chuyển khoản thanh toán đợt cuối số tiền nợ 6 tỷ đồng. Nữ diễn viên đã hoàn tất các khoản nợ trong 1,5 năm, bằng hình thức trả góp."
213,6667a3e3653280ea254fa8f1,Tuyển Việt Nam có thể sẽ phải dừng chân ở vòng loại thứ hai World Cup 2026 ngay cả khi chưa gặp Iraq.
214,6667a3e8653280ea254fa8f3,Go So Young đã có những hé lộ thú vị về cuộc sống hôn nhân bên tài tử quyền lực Jang Dong Gun.
215,6667a3ee653280ea254fa8f5,Phân cảnh Lưu Diệc Phi diện mẫu váy cúp ngực vàng trong phim mới đang cực viral trên MXH.
217,6667a3fd653280ea254fa8f9,"GD&TĐ -“Gương mẫu, chỉnh chu, nhiệt huyết với nghề, yêu thương học trò” là những nhận xét của cán bộ, gv Trường THCS Mai Động-Hà Nội dành cho cô Trần Thúy Nga."
218,6667a435653280ea254fa8fb,"Theo bạn, ai là người chăm sóc trẻ tốt nhất?"
219,6667a456653280ea254fa8fe,Tất cả các thành viên BTS hiện đang phục vụ trong quân đội sẽ đoàn tụ để chào mừng sự xuất ngũ của anh cả - Jin.
220,6667a457653280ea254fa917,Hoạt động mới nhất của Jennie Blackpink khi kết hợp với một thương hiệu thời trang gây chú ý với người hâm mộ. Đây là trải nghiệm lần đầu của Jennie kể từ khi ra mắt công chúng vào năm 2016.
221,6667a460653280ea254fa984,"Vừa qua Cloud Ace, Google Cloud và SAP đã tổ chức hội thảo “Tăng cường ứng dụng AI trong kinh doanh và an ninh mạng”, giới thiệu những giải pháp ngăn chặn ảnh hưởng các cuộc tấn công mạng và ứng dụng GenAI khi sử dụng SAP trên Google Cloud."
222,6667a46a653280ea254fa9f0,Lịch thi đấu vòng loại World Cup 2026 - Cập nhật lịch thi đấu vòng loại thứ hai World Cup 2026 khu vực châu Á hôm nay đầy đủ và chính xác.
223,6667a472653280ea254faa58,"Phần tiếp theo của ""Thần thoại"" dự kiến ​​ra mắt vào tháng 7. Ê-kíp sử dụng trí tuệ nhân tạo AI phục hồi gương mặt của Thành Long năm 27 tuổi."
224,6667a490653280ea254faa7b,"Khi đi máy bay, nhiều hành khách thường không biết rằng có rất nhiều đồ dùng miễn phí mà họ có thể yêu cầu từ tiếp viên hàng không."
225,6667a4c1653280ea254faa7d,"ANTD.VN - Ngân hàng Nhà nước đề nghị Bộ Công an xác minh, xử lý các đối tượng tung tin thất thiệt về việc NHNN thiếu vàng để bán; thuê người xếp hàng mua gom vàng với mục tiêu đẩy giá, đầu cơ, trục lợi."
226,6667a4d1653280ea254faa7f,Khán giả tá hỏa khi nhìn thấy diện mạo mới của Jin Goo phim Hậu Duệ Mặt Trời.
227,6667a550653280ea254faa81,"(Dân trí) - Mua nhà dự án của Trung Nguyên tại Đắk Lắk, một số cư dân đã có đơn gửi cơ quan chức năng vì cho rằng chủ đầu tư không thực hiện như cam kết ban đầu và dự án quá hạn nhưng chưa đồng bộ các hạng mục."
228,6667a56d653280ea254faa83,"Có ít nhất 38 người, trong đó hầu hết là phụ nữ, thiệt mạng trong vụ thuyền chở người di cư bị lật ngoài khơi tỉnh Shabwa phía Nam Yemen ngày 10/6. Hiện còn 150 người khác vẫn đang mất tích."
229,6667a649653280ea254faa85,"Cả nước vối và trà xanh đều có tác dụng thanh nhiệt, thải độc, làm chậm quá trình oxy hóa. Tuy nhiên, uống nhiều trà có thể dẫn tới tình trạng say, mất ngủ."
230,6667a6b1653280ea254faa87,Lịch thi đấu bóng chuyền quốc tế ngày 11.6 với sự trở lại của giải Nations League nữ.
231,6667a6b1653280ea254faa89,Đội tuyển Việt Nam đã sẵn sàng đấu chủ nhà Iraq sau buổi tập duy nhất làm quen sân Basra International.
232,6667a6b4653280ea254faa8b,"Màu sắc tươi sáng và tương phản nổi bật hơn, giúp nhân viên cứu hộ và phụ huynh phát hiện trẻ nhanh chóng và dễ dàng, đặc biệt trong những tình huống khẩn cấp."
233,6667a6b4653280ea254faa8d,Hình ảnh được chia sẻ với truyền thông cho thấy thi thể được chất đống đang được vận chuyển bằng xe tới nơi chôn cất.
234,6667a6bf653280ea254faa8f,"Gặp lại Iraq ở trận lượt về khiến chúng ta nghĩ đến trải nghiệm không mấy vui vẻ ở trận lượt đi trên sân Mỹ Đình với bàn thua ngay những giây cuối trận. Đó cũng là khởi đầu cho chuỗi 8 trận liên tiếp bị thủng lưới trong các trận đấu chính thức, một “căn bệnh” thực sự suốt hơn một năm qua."
235,6667a6d2653280ea254faa91,Tình hình của Trần Thị Thanh Thúy đang là vấn đề mà các CĐV Việt Nam quan tâm ở thời điểm này.
236,6667a6e2653280ea254faa93,"Bước vào tuổi dậy thì, con gái của Kaka cùng vợ cũ được nhận xét là ngày càng xinh đẹp, thừa hưởng các nét đẹp từ bố mẹ."
237,6667a6e2653280ea254faa95,"Để phục vụ người hâm mộ tại VCK Euro 2024, nước Đức đã chuẩn bị những Fan Zone rất hoành tráng, với điểm nhấn là các Fan Zone ở Munich và Berlin."
238,6667a70b653280ea254faa97,"Trong loạt ảnh mới ra mắt, nữ diễn viên Kim Ji Won gây sốt với vẻ đẹp lộng lẫy và quyến rũ."
239,6667a714653280ea254faa99,"Con dâu đề nghị được hưởng 2 tỉ trong khối tài sản thừa kế, nhưng phía mẹ chồng chỉ đồng ý trả 1,8 tỉ. Chủ tọa liên tục khuyên nhủ, 'chỉ chênh nhau 200 triệu, có đáng đưa nhau đi kiện ngày này tháng khác không?'."
240,6667a714653280ea254faa9b,"Ủy ban Thường vụ Quốc hội sẽ cho ý kiến với dự án luật sửa đổi hiệu lực của các luật Đất đai, Nhà ở, Kinh doanh bất động sản, Các tổ chức tín dụng. Theo đó, Chính phủ đề xuất 4 luật nói trên có hiệu lực sớm từ 1.8 thay vì từ 1.1.2025."
241,6667a715653280ea254faa9d,"Việc quản lý, sử dụng tài sản công trên địa bàn TP.HCM thực hiện theo Quyết định 27 năm 2018 của UBND TP.HCM về phân cấp quản lý nhà nước đối với tài sản công tại cơ quan hành chính, đơn vị sự nghiệp công lập và các tổ chức được thành lập theo quy định pháp luật."
242,6667a716653280ea254faa9f,"Những khu đất trống bỏ mặc cho cỏ mọc, những mặt bằng đắc địa phủ bụi vì thiếu cơ chế cho thuê đang khiến tài sản công lãng phí kéo dài. Chính quyền TP.HCM đã nhìn nhận rõ thực trạng này và đang thúc đẩy nhiều biện pháp để giải quyết."
243,6667a71b653280ea254faaa1,Hội đồng Bảo an Liên Hiệp Quốc ngày 10.6 thông qua nghị quyết kêu gọi Israel và Hamas thi hành thỏa thuận thả con tin và ngừng bắn tại Dải Gaza theo đề xuất của Mỹ.
244,6667a71f653280ea254faaa3,"ANTD.VN - Ngày 11-6, Cơ quan CSĐT CAQ Ba Đình, Hà Nội cho biết, đơn vị này vừa bắt giữ đối tượng có hành vi tàng trữ trái phép chất ma tuý..."
245,6667a71f653280ea254faaa5,"ANTD.VN - Quá trình điều tra, giải quyết vụ án Vạn Thịnh Phát, Cơ quan điều tra (CQĐT) Bộ Công an đã quyết định ủy thác điều tra và thu về hơn 25.000 hồ sơ trái chủ. Tuy nhiên, vẫn còn nhiều bị hại đã chuyển nơi cư trú và chưa hợp tác trình báo..."
246,6667a721653280ea254faaa7,"Liên quan đến vụ gây tai nạn giao thông trên tuyến tránh Long Xuyên khiến người đàn ông điều khiển xe mô tô tử vong rạng sáng 4/6, Cơ quan Cảnh sát điều tra, Công an thành phố Long Xuyên, tỉnh An Giang cho biết đã bắt được đối tượng gây tai nạn là Phạm Tấn Hinh."
247,6667a721653280ea254faaa9,"Trong thời gian qua, nhiều vụ cháy trong khu dân cư đã được người dân, Tổ liên gia an toàn PCCC kịp thời khống chế ở “thời điểm vàng”, góp phần giảm đáng kể thiệt hại."
248,6667a72a653280ea254faaab,"UBND tỉnh Thanh Hoá vừa có quyết định điều chỉnh, bổ sung kế hoạch phát triển sự nghiệp giáo dục tỉnh Thanh Hoá năm 2024-2025."
249,6667a73f653280ea254faaad,"Nhảy xuống dòng nước lũ tại Hà Giang, cứu kịp thời 2 người, Thượng úy Nguyễn Mạnh Tường được Bộ trưởng Công an Lương Tam Quang đề nghị khen thưởng xứng đáng."
250,6667a741653280ea254faaaf,"Cùng với việc nỗ lực thực hiện các nhiệm vụ nhằm bảo đảm hoàn thành thắng lợi Nghị quyết Ðại hội XIII của Ðảng, các ngành, các cấp, địa phương, đơn vị cũng đang tiến hành các công việc chuẩn bị cho đại hội đảng bộ các cấp, tiến tới Ðại hội lần thứ XIV của Ðảng."
251,6667a743653280ea254faab1,"Ở chương trình Nhập gia tùy tục tập 10 lần này trên VTV3, hai người bạn quốc tế trùng tên Daniel cùng vào bếp tham gia thử thách chế biến mì Quảng gà. Trong khi Jones Daniel (người Anh) vào bếp hào hứng, sôi động thì ngược lại, Duy Daniel (người Mỹ) có phong cách nấu ăn đủng đỉnh, nhưng món ăn lại rất tuyệt. 'Kẻ tám lạng người nửa cân' đã làm khó Á quân MasterChef Việt Nam."
252,6667a74e653280ea254faab5,Đội tuyển Hà Lan vừa đón nhận tin sốc sau khi tiền vệ trụ cột Frenkie de Jong phải bỏ lỡ EURO 2024 vì chấn thương.
253,6667a750653280ea254faab7,"Đóng cửa ngày 10/6, giá dầu lấy lại đà tăng, phục hồi mạnh mẽ lên mức cao nhất 1 tuần qua. Cụ thể, giá dầu WTI tăng 2,93% lên 77,74 USD/thùng. Dầu Brent tăng 2,52% lên 81,63 USD/thùng."
254,6667a7aa653280ea254faab9,"(Tổ Quốc) - Với nguyên liêu là loại rau vô cùng quen thuộc, bạn hãy chế biến những món ngon chứa nhiều chất dinh dưỡng. Các món ăn này có tác dụng bổ gan, bổ máu, bảo vệ mắt, nhuận tràng, thanh nhiệt giải độc, cân bằng pH."
255,6667a89e653280ea254faabb,Hot girl người Hàn Quốc Lucy Park cởi bung cúc áo khoác croptop dù đang “thả rông” vòng một khiến người nhìn ngượng đỏ mặt.
256,6667a89f653280ea254faabd,"Nghe lời trăng trối, chúng tôi không biết có đáp ứng được tâm nguyện của mẹ chồng không nữa?"
257,6667a8a2653280ea254faabf,"Những ngày phải đi qua ""vùng thời tiết xấu"" của đời mình, tôi vẫn thường chạy về núp lánh vào vợ mình. Bởi tôi biết không đâu an toàn bằng trái tim phụ nữ. Một người phụ nữ yêu mình…"
258,6667a8cc653280ea254faac1,"GD&TĐ - Hường và chồng là Vũ Hoàng Hải cùng hoạt động mua bán trái phép chất ma túy với số lượng lớn rồi chia nhỏ, chuyển cho các “chân rết” để bán lẻ."
259,6667a8cc653280ea254faac3,"GD&TĐ - Tin vào lời mời gọi, dụ dỗ 'việc nhẹ lương cao' ở xứ người, nhiều lao động đã không ngần ngại xuất ngoại để tìm công việc mơ ước…"
260,6667a927653280ea254faac5,Truyền thông Thái Lan chú ý tới việc bóng chuyền Việt Nam không tham dự giải đấu lớn tổ chức vào tháng 11 năm nay.
261,6667a971653280ea254faac7,(Dân trí) - Các quan chức ở Washington có thể tìm cách đạt được một thỏa thuận với lực lượng Hamas để đảm bảo việc thả con tin người Mỹ ở Gaza.
262,6667a972653280ea254faac9,(Dân trí) - Đại học Ngoại ngữ - Đại học Quốc gia Hà Nội - vừa công bố điểm trúng tuyển bằng phương thức xét học bạ THPT kết hợp phỏng vấn.
263,6667a972653280ea254faacb,Hình ảnh nữ ca sĩ nổi tiếng biểu diễn trên du thuyền sang trọng đang được chia sẻ rộng rãi trên mạng xã hội.
264,6667a975653280ea254faacd,"VOV.VN - Nguồn khí thải từ ô tô, xe máy là một trong các tác nhân chính gây khói bụi và ô nhiễm không khí, đang tác động đến hàng triệu người sống và làm việc tại thành phố lớn."
265,6667a978653280ea254faacf,Một quan chức Nga ngày 10.6 tuyên bố lực lượng hàng không vũ trụ nước này đã thực hiện 6 cuộc tấn công vào các cứ điểm của những &quot;kẻ khủng bố&quot; ở hai tỉnh Homs và Deir ez-Zor của Syria.
266,6667a99a653280ea254faad1,"HLV Ronald Koeman cho rằng Barca mạo hiểm dùng tiền vệ Frenkie de Jong quá sớm, khiến anh tái phát chấn thương, lỡ Euro 2024."
267,6667a99a653280ea254faad3,"Trung vệ Antonio Rudiger và tiền đạo Niclas Fullkrug va chạm trên sân tập, chỉ ít ngày trước khi Đức đá trận khai mạc Euro 2024."
268,6667a99f653280ea254faad5,"Bộ trưởng Kinh tế Luis Caputo khẳng định, Argentina đang dần thoát khỏi suy thoái kinh tế. Tuy nhiên, những số liệu thống kê vừa được Viện Thống kê và Ðiều tra quốc gia Argentina (INDEC) công bố mới đây khiến nhiều chuyên gia phân tích thị trường tỏ ra nghi ngờ về tuyên bố của ông Caputo, khi mà sản xuất công nghiệp của nước này thời gian qua tiếp tục tụt dốc. Quỹ Tiền tệ quốc tế (IMF) nhận định, con đường phía trước của Argentina vẫn còn nhiều thách thức."
269,6667a9fa653280ea254faad7,"Vì sao bị sỏi thận? Dấu hiệu sỏi thận là gì?  Sỏi thận có nguy hiểm không, có tự hết không? Bị sỏi thận uống gì? Sỏi thận nên ăn gì, kiêng gì đẻ không tái phát"
270,6667a9fb653280ea254faad9,"(Dân trí) - Trong 3 ngày từ 8/6 đến 10/6, 316 vận động viên đến từ 14 quốc gia và vùng lãnh thổ đã tham gia thi đấu giải Thể dục Aerobic Châu Á lần thứ 9 tổ chức tại Cung thể thao Quần Ngựa, Hà Nội."
271,6667aae0653280ea254faadd,Vừa mở cửa phòng khách sạn hai cô gái sợ hãi khi chứng kiến cảnh tượng giống như trong phim kinh dị.
272,6667aaf6653280ea254faadf,Quân đội Ukraine vừa tuyên bố đánh trúng 3 hệ thống phòng không S-400 và S-300 của Nga trong đợt tấn công bằng tên lửa vào bán đảo Crimea.
273,6667ab1f653280ea254faae1,"Tham dự giải Câu lạc bộ Văn-Toán Tuổi thơ toàn quốc năm 2024, đoàn học sinh quận Hoàn Kiếm (Hà Nội) đã xuất sắc giành 02 cúp Vàng đồng đội cấp Tiểu học và cấp Trung học cơ sở."
274,6667ab5c653280ea254faae3,"Link xem trực tiếp trận tuyển Việt Nam và Iraq tại vòng loại thứ 2 World Cup 2026, diễn ra lúc 1h00 ngày 12.6."
275,6667ab6f653280ea254faae5,Những điều nữ diễn viên chia sẻ trong buổi phát trực tiếp gây chú ý.
276,6667ab99653280ea254faae7,"Bộ trưởng Lương Tam Quang đánh giá cao và đề xuất có hình thức động viên, khen thưởng phù hợp, trước hành động dũng cảm lao xuống dòng lũ dữ cứu người dân của thượng úy Nguyễn Mạnh Tường, Công an huyện Mèo Vạc (Hà Giang)."
277,6667abd4653280ea254faae9,Các binh sĩ Israel được cho là đã giả dạng làm người tị nạn và đi trên những xe tải chở hàng viện trợ để tiến hành cuộc giải cứu con tin mạo hiểm tại Dải Gaza mới đây.
278,6667abd7653280ea254faaeb,VTV.vn - Bộ phim lấy tên một ca khúc nổi tiếng của nữ danh ca gợi nhiều hoài niệm cho người hâm mộ.
279,6667abeb653280ea254faaed,Tây Ban Nha- Ba khán giả phải nhận án tù cho hành vi xúc phạm tiền đạo Real Vinicius trong trận đấu hơn một năm trước ở La Liga.
280,6667ac4e653280ea254faaef,"(Dân trí) - Tối 10/6, đội tuyển Việt Nam có buổi tập làm quen với sân thi đấu Basra International và hoàn thiện khâu chuẩn bị cuối cùng cho cuộc đối đầu với đội chủ nhà Iraq ở vòng loại thứ 2 World Cup 2026."
281,6667ad7c653280ea254faaf1,"Bất chấp hiểm nguy, nước chảy dữ dội, Thượng úy Nguyễn Mạnh Tường đã nhảy xuống dòng nước lũ, cứu kịp thời 2 người bị nước cuốn trôi, đưa vào bờ an toàn."
282,6667adaa653280ea254faaf3,"Tỉnh Bắc Giang thực hiện nghiêm túc việc kiểm điểm, đánh giá, xếp loại chất lượng tổ chức Đảng, tập thể lãnh đạo và đảng viên, cán bộ, công chức, viên chức hằng năm."
283,6667adba653280ea254faaf5,EU muốn duy trì đường ống dẫn khí của Nga qua Ukraina theo cách đặc biệt để lách trừng phạt của chính mình với khí đốt Nga.
284,6667adeb653280ea254fab5f,"Ở những tháng cuối của thai kỳ, nhan sắc của Sam vẫn đẹp không khác xưa."
285,6667adff653280ea254fac4f,"Trong 2 tập đầu tiên của ""7 năm chưa cưới sẽ chia tay"", Thúy Ngân diễn tròn trịa nhưng chưa ổn về đài từ. Trong khi đó, nam chính nhận nhiều tranh cãi về diễn xuất."
286,6667ae05653280ea254fac75,"Do “nghiện” game nhưng lại thiếu tiền ăn tiêu, Hoàng đến khu đô thị Văn Phú đột nhập vào một ngôi nhà trộm 8 chiếc điện thoại di động, 3 máy tính xách tay."
288,6667ae25653280ea254fac79,Giới chức Mỹ thông báo sẽ cho phép lữ đoàn Azov của Ukraine sử dụng vũ khí nước này viện trợ sau nhiều năm áp lệnh cấm.
289,6667ae39653280ea254fac7b,"(PLO)- Nhiều người dân chiếm dụng lối đi bộ trên cầu và cả lòng cầu để buôn bán hàng hóa, tiềm ẩn nguy cơ t.a.i n.ạ.n giao thông cho người lưu thông là rất cao."
290,6667ae47653280ea254fac7f,"Là một trong những cây công nghiệp chủ lực của Việt Nam, những năm qua, cây cà-phê đã tạo việc làm và bảo đảm thu nhập ổn định cho nông dân nhiều địa phương. Hiện nay, các địa phương và người dân đang đẩy mạnh ứng dụng khoa học-kỹ thuật vào sản xuất nhằm tạo ra sản phẩm chất lượng phục vụ nhu cầu tiêu dùng trong nước cũng như xuất khẩu để nâng cao giá trị loại cây trồng này."
291,6667ae47653280ea254fac81,"Thị trường cà-phê nối dài đà suy yếu từ cuối tuần trước. Đóng cửa, cà-phê Arabica hợp đồng tháng 9 giảm 1,29%, cà-phê Robusta cùng kỳ hạn đánh mất 1,11% giá trị. Theo Sở Giao dịch hàng hóa Việt Nam (MXV), giá cà-phê sụt giảm trong ngày hôm qua chủ yếu do lực bán từ Brazil, thay vì các yếu tố cung cầu."
292,6667ae4c653280ea254fac83,"Trong phần thứ hai của bài viết ""Tự hào và tin tưởng dưới lá cờ vẻ vang của Ðảng, quyết tâm xây dựng một nước Việt Nam ngày càng giàu mạnh, văn minh, văn hiến và anh hùng"" kỷ niệm 94 năm Ngày thành lập Ðảng, Tổng Bí thư Nguyễn Phú Trọng nhấn mạnh: Ðảng ta luôn xác định: Con người giữ vị trí trung tâm trong chiến lược phát triển; phát triển văn hóa, xây dựng con người vừa là mục tiêu, vừa là động lực của công cuộc đổi mới."
293,6667ae61653280ea254fac87,"ANTD.VN -Trong 3 ngày, từ 10 đến 12/6, hàng loạt chuyến bay đến sân bay Cam Ranh, Khánh Hòa phải thay đổi, điều chỉnh giờ khai thác do yêu cầu từ nhà chức trách."
294,6667ae61653280ea254fac85,"ANTD.VN -  Chợ đầu mối, chợ dân sinh sẽ tuân theo các tiêu chuẩn mới theo Nghị định số 60/2024/NĐ-CP vừa được Chính phủ ban hành, quy định về chính sách, cơ chế phát triển và quản lý chợ."
295,6667ae61653280ea254fac89,"ANTD.VN - Số người tham gia bảo hiểm y tế năm sau luôn cao hơn năm trước, đặc biệt tỷ lệ người tham gia bảo hiểm y tế tăng trưởng bền vững trong bối cảnh nền kinh tế gặp khó khăn, thách thức nhiều hơn là thuận lợi."
296,6667ae68653280ea254fac8b,ANTD.VN - UBND tỉnh Hải Dương vừa có quyết định xử phạt hành chính Công ty CP Thép Hòa Phát Hải Dương trong lĩnh vực đất đai.
297,6667ae68653280ea254fac8d,"ANTD.VN - Theo Quy hoạch tỉnh Hưng Yên vừa được Chính phủ phê duyệt, tỉnh này đặt mục tiêu đến năm 2030 sẽ trở thành tỉnh có quy mô kinh tế và trình độ phát triển trong nhóm dẫn đầu cả nước…"
298,6667ae68653280ea254fac8f,"ANTD.VN - Hà Nội bổ sung 1 dự án xây dựng hạ tầng nhà ở, đất ở diện tích hơn 4 ha vào kế hoạch sử dụng đất năm 2024 của quận Tây Hồ."
299,6667ae68653280ea254fac91,"ANTD.VN - Theo khảo sát Manulife Asia Care 2024 vừa được công bố, ung thư là một trong những mối lo ngại hàng đầu của người Việt về sức khỏe. Mặc dù các phương pháp điều trị ung thư ngày càng hiện đại và dễ tiếp cận hơn, nhưng chi phí điều trị cao và sự thiếu hụt về các kế hoạch tài chính dự phòng sẽ gây ảnh hưởng không nhỏ đến sức khỏe tinh thần cũng như tài chính của người bệnh."
300,6667ae6b653280ea254fac93,"ANTD.VN - Dự kiến vào chiều nay, 11-6, Ủy ban Thường vụ Quốc hội sẽ cho ý kiến về dự án Luật Thủ đô (sửa đổi), về quy hoạch và điều chỉnh quy hoạch Thủ đô Hà Nội..."
301,6667ae6b653280ea254fac95,"ANTD.VN - Vừa có thêm gần 700 loại thuốc sản xuất trong nước phục vụ nhu cầu điều trị, phòng chống dịch được Bộ Y tế cấp mới, gia hạn giấy đăng ký lưu hành…"
302,6667aeb4653280ea254fac97,"Tìm việc làm thêm cho kỳ nghỉ hè là nhu cầu được các bạn sinh viên vô cùng quan tâm. Tại Công ty Cổ phần đào tạo Sedu, nhiều cơ hội việc làm cho sinh viên đã được mở ra với nền tảng thu nhập và những cơ hội thăng tiến hấp dẫn."
304,6667afdb653280ea254fac9b,"Kinhtedothi - Bộ TT&TT đang lên kế hoạch cho Ngày chuyển đổi số quốc gia năm 2024 với chủ đề ""Phổ cập hạ tầng số và sáng tạo ứng dụng số để phát triển kinh tế số - Động lực mới cho tăng trưởng kinh tế và năng suất lao động""."
305,6667afdb653280ea254fac9d,"Kinhtedothi - Vào thứ Hai, Apple công bố chiến lược ứng dụng trí tuệ nhân tạo (AI) mang tên “Apple Intelligence” vào các thiết bị của mình. Những bước đi đầy hứa hẹn này sẽ được đồng hành bởi “ông lớn OpenAI."
306,6667b00f653280ea254fac9f,"Các ngôi sao của Manchester United đang gặp nhiều thái cực về tâm lý khác nhau trước thềm EURO 2024, chuyện của Luke Shaw và món quà dành tặng Tom Heaton là ví dụ điển hình nhất."
307,6667b011653280ea254faca1,Nhóm nhạc Hàn Quốc - TXT tiếp tục gây ấn tượng với khán giả quốc tế trong chuyến lưu diễn tại Mỹ.
308,6667b037653280ea254faca3,"Tin nóng Thể thao sáng 11/6: Ngôi sao bóng chuyền nữ Việt Nam khoe ‘năng lượng chữa lành’, được nhiều người khen ngợi hết lời, trong đó có cả hoa khôi Lê Thanh Thúy."
309,6667b062653280ea254faca5,"Cơ quan Cảnh sát điều tra Công an quận Tây Hồ, TP Hà Nội phát đi thông báo tìm người biết thông tin vụ tai nạn chết người xảy ra tại đường Võ Chí Công."
310,6667b064653280ea254faca7,"&quot;Gia tài của ngoại&quot; - bộ phim cảm động của Thái Lan vừa ra rạp Việt đã cắt đứt chuỗi chiến thắng liên tiếp của &quot;Doraemon: Nobita và bản giao hưởng Địa Cầu&quot;, đồng thời nhấn chìm bộ phim do Tuấn Trần đóng chính."
311,6667b06f653280ea254faca9,(PLO)- Tập đoàn Than – Khoáng sản Việt Nam (TKV) tiếp tục rà soát lại các chỉ tiêu kế hoạch của năm 2024 để điều chỉnh cơ cấu tiêu thụ sản phẩm hợp lý nhằm đảm bảo hiệu quả sản xuất kinh doanh.
312,6667b079653280ea254facab,Anker đang thu hồi mẫu pin sạc dự phòng 321 Power Bank do nguy cơ cháy nổ.
313,6667b081653280ea254facaf,"(Dân trí) - Thông tư mới về chuẩn chuyên môn, nghiệp vụ của nhà giáo giáo dục nghề nghiệp quy định chứng chỉ kỹ năng nghề theo hướng mở nhưng không hạ thấp chuẩn nhà giáo."
314,6667b097653280ea254facb3,(PLO)- Thời hạn để thí sinh nộp đơn phúc khảo bài thi đánh giá năng lực đợt 2 của ĐH Quốc gia TP.HCM đến hết ngày 13-6.
315,6667b09c653280ea254facb5,"VTV.vn - Ngày 10/6, Đoàn công tác của Bộ Giáo dục và Đào tạo (GDĐT) đã làm việc với tỉnh Yên Bái về công tác chuẩn bị thi trên địa bàn."
316,6667b0a1653280ea254facbb,"Với việc có trong tay một trong 6 cuốn hộ chiếu dưới đây, du khách đi khắp thế giới mà không cần phải tốn một xu xin visa."
317,6667b0b2653280ea254facc1,"Hiện nay, người dân ở huyện Châu Thành (tỉnh Long An) đang bức xúc và đề nghị UBND tỉnh có biện pháp xử lý nghiêm những trường hợp vỡ hụi với số tiền lên đến hàng tỷ đồng."
318,6667b0b6653280ea254facc3,"(Dân trí) - Đánh giá đợt 1 của kỳ họp thứ 7, Chủ tịch Quốc hội nhấn mạnh nhiều nội dung thành công tốt đẹp. Trong đó, công tác nhân sự được tiến hành kịp thời, đúng quy trình với số phiếu bầu rất cao."
319,6667b0c6653280ea254facc5,Yajaira Quizhpi (46 tuổi) - đại diện vùng Sierra - đang dự tranh danh hiệu Hoa hậu Hoàn vũ quốc gia Ecuador.
320,6667b0fc653280ea254faccd,"(Dân trí) - Trải qua thăng trầm của lịch sử, vòng xoay khu vực chợ Bến Thành từng bị tháo dỡ để xây dựng nhà ga metro, nay chuẩn bị được tái lập về chốn cũ."
321,6667b103653280ea254faccf,"Nguyên nhân chính gây ung thư trực tràng là béo phì, hút thuốc, uống rượu bia thường xuyên, ăn nhiều thịt đỏ và chế biến sẵn."
322,6667b105653280ea254facd1,"(Dân trí) - Trước trận đấu quyết định tranh vé vào vòng loại thứ ba World Cup 2026 khu vực châu Á gặp Singapore, Madam Pang dành lời khen cho các cầu thủ Thái Lan."
323,6667b105653280ea254facd3,"(Dân trí) - HLV Real Madrid, Carlo Ancelotti cho biết nhà vô địch Champions League mong muốn thi đấu tại FIFA Club World Cup và phát biểu của ông về việc từ chối tham gia giải đấu là hiểu lầm."
324,6667b10a653280ea254facd5,"(Tổ Quốc) - Với nguyên liêu là loại rau vô cùng quen thuộc, bạn hãy chế biến những món ngon chứa nhiều chất dinh dưỡng. Các món ăn này có tác dụng bổ gan, bổ máu, bảo vệ mắt, nhuận tràng, thanh nhiệt giải độc, cân bằng pH."
325,6667b1bc653280ea254facd7,"Gần đây, Hà Giang chìm trong mưa lớn, gây ra tình trạng ngập úng ở nhiều khu vực đem đến những thách thức không hề nhỏ cho du lịch vùng cao."
326,6667b22b653280ea254facd9,Sự trỗi dậy của các đảng trung hữu và cực hữu trong cuộc bầu cử nghị viện châu Âu gióng lên hồi chuông báo động với nhiều chính phủ hiện tại ở lục địa già.
327,6667b2cf653280ea254facdd,GD&TĐ - Trường đại học Lạc Hồng là trường đầu tiên của Việt Nam tham gia đánh giá chất lượng cấp cơ sở giáo dục theo chuẩn AUN-QA 3.0.
328,6667b2e2653280ea254facdf,"Tổng thống Hungary Sulyok sẽ không dự hội nghị thượng đỉnh của 9 nước châu Âu ở sườn đông NATO, khi Budapest và liên minh ngày càng bất đồng."
329,6667b2e3653280ea254face1,"Park, nữ sinh 18 tuổi, không ăn gì ngoài uống nước, bổ sung muối và một số chất dinh dưỡng."
330,6667b304653280ea254face3,VTV.vn - Từng đối mặt với Yên để bảo vệ em trai nhưng lần này Hùng gặp lại Yên trong hoàn cảnh cô bị tai nạn và nhất quyết đòi anh đưa về nhà.
331,6667b359653280ea254face5,Chủ tịch DMCC Ahmed Bin Sulayem đã chọn Jemmia Diamond là doanh nghiệp kim cương Việt ông đến thăm trong sự kiện xúc tiến thương mại ngày 05/06 vừa qua.
332,6667b35a653280ea254face7,"(Tổ Quốc) - Tối 10/6 theo giờ địa phương, đội tuyển Việt Nam đã có buổi tập làm quen với sân thi đấu Basra International và hoàn thiện khâu chuẩn bị cuối cùng cho cuộc đối đầu với đội chủ nhà Iraq."
335,6667b464653280ea254faced,"Suri Cruise đã bắt đầu thích nghi với cuộc sống một mình, rời xa vòng tay của mẹ."
336,6667b47d653280ea254facef,Netizen nói gì khi Jennie nắm giữ vị trí vedette kết màn cho show diễn kỉ niệm 15 năm thành lập thương hiệu Jacquemus.
337,6667b498653280ea254facf1,Cựu tổng thống Mỹ Donald Trump xác nhận ông sẽ chịu thẩm vấn từ một nhân viên quản chế trước khi tòa tiến hành tuyên án vào tháng 7. Báo cáo từ cuộc thẩm vấn là một yếu tố để tòa tuyên án.
338,6667b498653280ea254facf5,"Theo Cơ quan Môi trường Singapore, mỗi năm tại nước này có 175 ngày có sấm sét. Tỉ lệ có sét đánh tại nước này gần như 2 ngày 1 lần."
339,6667b498653280ea254facf3,Mỹ cân nhắc đàm phán thỏa thuận đơn phương với Hamas để thả 5 con tin người Mỹ ở Gaza; Ukraine tố Nga phóng bom dẫn đường vào Kharkov; Tổng thống Hungary không dự thượng đỉnh sườn đông NATO... là những tin tức đáng chú ý ngày 11-6.
340,6667b4ba653280ea254facf7,"Phim "" Mặc vũ vân gian "" của Ngô Cẩn Ngôn vừa hé lộ tình tiết mới gây bất ngờ cho khán giả."
341,6667b534653280ea254facf9,GD&TĐ - UBND tỉnh Thái Nguyên vừa có đề xuất về việc hỗ trợ 100% học phí cho trẻ mầm non công lập trên địa bàn.
342,6667b534653280ea254facfb,Sự ủng hộ của hai đảng nhỏ trong Liên minh dân chủ quốc gia (NDA) đã giúp Thủ tướng Ấn Độ Narendra Modi và đảng Nhân dân Ấn Độ (BJP) có được nhiệm kỳ cầm quyền thứ ba liên tiếp.
343,6667b53f653280ea254facfd,"Ông Medvedev nói Tổng thống Pháp Macron, Thủ tướng Đức Scholz nên rời chính trường khi đảng của họ thất thế trong bầu cử Nghị viện châu Âu."
344,6667b542653280ea254facff,Tiền đạo Cristiano Ronaldo thường diện cả set đồ xa xỉ đồng điệu họa tiết hoặc màu sắc.
345,6667b550653280ea254fad01,"Chủ tịch Quốc hội Trần Thanh Mẫn đề nghị Ủy ban Thường vụ Quốc hội xem xét kỹ và thể hiện quan điểm rõ ràng dự án, dự thảo nào đã bảo đảm đủ điều kiện trình Quốc hội thông qua trong Đợt 2 Kỳ họp thứ 7, nhất là những dự án có tác động lớn như Luật Bảo hiểm xã hội (sửa đổi)..."
346,6667b554653280ea254fad03,"VTV.vn - Khi MV ""Sweet Home"" còn chưa lên sóng, Hương Tràm lại khiến người hâm mộ bất ngờ khi tung teaser MV mới ""Chỉ mình anh đi xa"" vào tối 10/6."
347,6667b561653280ea254fad05,"Theo cựu danh thủ Paul Merson, Cristiano Ronaldo nên biết chấp nhận ngồi dự bị trong các trận đấu của đội tuyển Bồ Đào Nha tại EURO 2024, bởi tuổi tác và trình độ không còn ở đẳng cấp cao như trước đây."
348,6667b6f7653280ea254fad07,Câu chuyện được phụ huynh chia sẻ nhận về nhiều sự đồng cảm.
349,6667b713653280ea254fad09,"Nghệ sĩ ballet Nguyễn Đức Hiếu được coi là gương mặt vàng của ballet Việt Nam. Sau gần 20 năm sự nghiệp ballet, anh có hơn 60 Huy chương Vàng, Bạc, Đồng cấp quốc tế và quốc gia, cùng nhiều giải thưởng trong bộ môn ballet và khiêu vũ thể thao. PV Lao Động có cuộc trò chuyện với nghệ sĩ sinh năm 2000 để lắng nghe câu chuyện đầy cảm hứng của anh."
350,6667b722653280ea254fad0b,Hồ Ngọc Hà trông vô cùng gợi cảm khi diện bộ đồ xuyên thấu bên bờ biển tại quê nhà.
351,6667b738653280ea254fad0d,"Hàng triệu học sinh cả nước đã và đang thi tuyển sinh lớp 10 năm học 2024 -2025. Dưới đây là lịch công bố điểm thi, điểm chuẩn lớp 10 của 63 tỉnh, thành trên cả nước."
352,6667b77c653280ea254fad0f,"(PLO)- Nhiều người dân chiếm dụng lối đi bộ và cả lòng cầu để tụ tập buôn bán trên cầu, tiềm ẩn nguy cơ t.a.i n.ạ.n giao thông cho người lưu thông là rất cao."
353,6667b798653280ea254fad11,"(Dân trí) - Năm này qua năm khác, các cuộc bầu cử ở châu Âu, đặc biệt là bầu cử Nghị viện châu Âu, thường nằm ngoài các hoạt động chính trị lớn."
354,6667b79f653280ea254fad13,"VOV.VN - Vietnam Airlines thông báo điều chỉnh kế hoạch khai thác các chuyến bay đến, đi từ sân bay Cam Ranh, Khánh Hòa từ 10/6 đến hết ngày 12/6."
355,6667b79f653280ea254fad15,"VOV.VN - Mưa rất to trên diện rộng gây lũ lớn ở Hà Giang, tuy chưa chạm mốc lịch sử nhưng là hiếm gặp trong 30 năm trở lại đây."
356,6667b79f653280ea254fad17,"VOV.VN - Bộ GTVT vừa đề nghị các địa phương yêu cầu tất cả cơ sở giáo dục từ bậc mầm non đến trung học phổ thông trên địa bàn rà soát lại việc sử dụng xe ô tô đưa đón học sinh đến trường, yêu cầu phải thực hiện đầy đủ quy định về an toàn giao thông đối với phương tiện, người lái xe."
357,6667b79f653280ea254fad19,ANTD.VN - Cơn mưa lớn kéo dài từ đêm 9-6 đến sáng 10-6 đã gây thiệt hại nặng nề về người và tài sản của Nhà nước và người dân tỉnh Hà Giang.
358,6667b79f653280ea254fad1b,"ANTD.VN - Dự thảo Luật Trật tự, an toàn giao thông đường bộ, Bộ Công an đã đề xuất các vị trí người điều khiển phương tiện không được dừng xe, đỗ xe."
359,6667b7a4653280ea254fad1d,VTV.vn - : Evangeline Lilly vừa gây sốc khi thông báo tạm rời xa diễn xuất. Dù không chắc chắn thời gian trở lại nhưng cô nói  có thể quay lại Hollywood một ngày nào đó.
360,6667b7b2653280ea254fad1f,"VTV.vn - Sau nhiều ngày cử người theo dõi, Mỹ Đình đã nói cho Ngân Hà biết một bí mật động trời của An Nhiên."
362,6667b7b7653280ea254fad23,"ANTD.VN -  Theo Nghị định 63/2024/NĐ-CP, từ 1-7 tới sẽ thực hiện liên thông điện tử thủ tục đăng ký khai tử, xóa đăng ký thường trú, giải quyết mai táng phí, tử tuất."
363,6667b7b7653280ea254fad25,"Dự án “Ứng phó khẩn cấp và hỗ trợ phục hồi sinh kế sau Covid-19 cho phụ nữ có nguy cơ bị bạo lực” trị giá 1,46 triệu USD (hơn 36,5 tỷ đồng) do Chính phủ Australia tài trợ được thực hiện từ năm 2022-2024, nhằm hỗ trợ khả năng phục hồi kinh tế của phụ nữ bị ảnh hưởng nặng nề bởi Covid-19 và nâng cao năng lực của các tổ chức địa phương trong việc ứng phó, phòng ngừa bạo lực đối với phụ nữ, đặc biệt trong các tình huống khẩn cấp, đã ghi nhận những kết quả rất khả quan."
364,6667b7bf653280ea254fad5b,"Cơ quan chức năng huyện Quảng Ninh, tỉnh Quảng Bình đang triển khai biện pháp cấp bách bảo vệ động vật nghi là hổ xuất hiện và trấn an người dân không hoang mang, lo lắng."
365,6667b7bf653280ea254fad5e,"Tối 10/6 đã xảy ra việc một người nghi nhảy cầu Vĩnh Tuy, để lại xe máy trên cầu. Hiện lực lượng chức năng đang tích cực tìm kiếm."
366,6667b7bf653280ea254fad61,"Sau cơn mưa lớn kéo dài khoảng 2 tiếng, nhiều tuyến đường ở tỉnh Thái Nguyên bị ngập sâu, đây là địa phương thứ 5 xảy ra ngập úng trong những ngày qua"
367,6667b802653280ea254faeaa,"Gia đình tôi thích ăn thịt bò nhưng thực phẩm này dễ bị làm giả, vậy có cách nào phân biệt? (Chi, 35 tuổi, Hà Nội)"
368,6667b80c653280ea254faeac,"SKĐS - Năm 2024, Trường Đại học Y Hà Nội mở thêm 3 ngành mới gồm: Tâm lý học, Kỹ thuật phục hình răng và Hộ sinh."
372,6667b905653280ea254faeb6,Đã hiểu ngoài kia thế giới yêu nhau kiểu gì.
373,6667b914653280ea254faeb8,Diễn viên Miu Lê đã có màn đáp trả nhận được nhiều lời khen ngợi sau khi bị chê ngoại hình.
374,6667b936653280ea254faeba,"Ở Singapore có một nhà hàng rất đặc biệt, nơi phần lớn nhân viên là người khuyết tật và người yếu thế trong xã hội, đó là Dignity Kitchen."
375,6667b972653280ea254faebc,Trung tâm Bão Quốc gia Mỹ đang theo dõi 4 áp thấp đầu tiên của mùa bão 2024 tính đến ngày 10.6.
376,6667b987653280ea254faebe,"Công ty Công nghệ Maxar mới đưa ra ảnh vệ tinh chất lượng cao hơn về sân bay Akhtubinsk, trong đó cho thấy máy bay chiến đấu thế hệ mới nhất của Nga Su-57 sau vụ tấn công của UAV Ukraine."
377,6667b9de653280ea254faec0,"Trong chương trình Kính đa chiều, Bùi Văn Hải có dịp chia sẻ những kỷ niệm khó quên trong hành trình gắn bó với nghề diễn viên đóng thế (cascadeur)."
378,6667b9de653280ea254faec4,Ca sĩ Hương Tràm tung teaser MV 'Sweet Home' và 'Chỉ mình anh đi xa' đánh dấu sự trở lại làng giải trí Việt sau 5 năm sang Mỹ du học.
379,6667b9e7653280ea254faec6,"Nam chính M trong Gia Tài Của Ngoại là Billkin - nam thần của dòng phim boylove. Ngoài đời, Billkin còn là người thừa kế của một gia tộc giàu có."
380,6667b9ec653280ea254faec8,Giới chức Mỹ cho biết 4 giảng viên nước này tham gia đợt trao đổi giữa các trường đại học đã bị thương sau vụ đâm dao ở Cát Lâm.
381,6667ba0c653280ea254faeca,"(PLO)-  ""Vàng ở trong dự trữ của ngân hàng trung ương được gọi là vàng dự trữ tập trung còn vàng trong dân là vàng phân tán trong dự trữ quốc gia. Vì vậy không nên thành kiến với việc đó""- TS Lê Xuân Nghĩa."
382,6667ba10653280ea254faecc,Bình Thuận - Nam lễ tân khách sạn được phát hiện nằm tử vong trên ghế xếp ở tầng trệt của khách sạn ở Phan Thiết.
383,6667ba12653280ea254faece,(Dân trí) - Quân đội Hàn Quốc cáo buộc binh sĩ Triều Tiên đã bước qua biên giới 2 nước trong một khoảng thời gian ngắn khiến Seoul phải nổ súng cảnh cáo.
384,6667ba12653280ea254faed0,(Dân trí) - Mỹ thông báo sẽ cho phép lữ đoàn Azov của Ukraine sử dụng vũ khí do Washington viện trợ sau nhiều năm ban hành lệnh cấm vì nguồn gốc gây tranh cãi của đơn vị này.
385,6667ba14653280ea254faed2,"VTV.vn - Kết quả phân tích bài thi Đánh giá năng lực đợt 2 cho thấy phân bố điểm của 39.031 bài thi có dạng gần phân bố chuẩn, với điểm trung bình là 725,8."
386,6667ba14653280ea254faed4,Phong trào Hezbollah thông báo đã bắn rơi một máy bay không người lái (UAV) tấn công của Israel tại miền nam Li Băng giữa lúc chiến sự giữa hai bên trở nên căng thẳng.
387,6667ba14653280ea254faed6,"NATO đang sử dụng trí tuệ nhân tạo (AI) để theo dõi các máy bay và trạm tiếp nhiên liệu của Nga, theo Trợ lý tổng thư ký NATO David van Weel."
388,6667ba20653280ea254faed8,"VOV.VN - VOV.VN - Theo luật sư, hành vi lái xe tông vào đuôi xe khác là các hành vi trái pháp luật, tùy thuộc vào tính chất và mức độ vi phạm sẽ bị xử phạt vi phạm hành chính theo quy định tại Điều 7 Nghị định số 144/2021/NĐ-CP của Chính phủ, hoặc truy cứu trách nhiệm hình sự về “tội gây rối trật tự công cộng” hoặc/và “tội cố ý gây thương tích”."
389,6667ba20653280ea254faeda,"Qua điều tra, cơ quan công an xác định nguyên nhân dẫn đến tai nạn khiến đôi nam nữ tử vong là do lái xe tải thiếu chú ý quan sát, lấn làn đường."
390,6667ba20653280ea254faedc,Gia đình mong mọi người để cho 'sư Thích Minh Tuệ' được tiếp tục tu hành theo hạnh đầu đà của Đức Phật.
392,6667ba5d653280ea254faee0,"(Dân trí) - Theo Ủy ban Quốc phòng - An ninh, hầu hết đại biểu Quốc hội nhất trí phương án quy định cấm tuyệt đối nồng độ cồn khi lái xe, không có đoàn đại biểu nào đề nghị lấy ý kiến 2 phương án về nội dung này."
393,6667bb23653280ea254faee2,"90 ngày qua, các y, bác sĩ Khoa Sơ sinh, Bệnh viện Phụ Sản Hà Nội đã trở thành những người mẹ thứ hai của bé sinh non chỉ nặng 650g. 24/24 giờ mỗi ngày, những người mẹ ấy vẫn cần mẫn, tỉ mỉ chăm sóc cho con từng chút một cho tới khi em bé cán mốc cân nặng 3kg."
394,6667bb69653280ea254faee4,"Theo những thông tin mới nhất từ trang chủ của ĐT Hà Lan, đội tuyển này sẽ không có sự phục vụ của tiền vệ Frenkie de Jong tại VCK EURO 2024."
395,6667bb69653280ea254faee6,"Ở tuổi 19, Cristiano Ronaldo được tuyển Hy Lạp dạy cho một bài học sau trận chung kết EURO 2004, đó là với bóng đá không gì chắc chắn cả."
396,6667bb8d653280ea254faee8,"Trước khi ông nội mất, ba tôi ngồi với ông, ông dặn dò toàn bộ tài sản ông để lại cho ba tôi, vậy lời dặn dò này có được xem là di chúc không?"
397,6667bb95653280ea254faeea,"Công chúng được dịp tìm hiểu về nghề khắc in mộc bản Thanh Liễu có tuổi đời gần 600 năm, từng khắc mộc bản triều Nguyễn, mộc bản chùa Vĩnh Nghiêm và mộc bản trường học Phúc Giang đã được UNESCO vinh danh."
398,6667bb95653280ea254faeec,"Gần đây, nhiều người trong giới tỏ vẻ bức xúc vì một clip trích ra từ tập 8 chương trình Học viện cải lương có ca từ bị cho là thô thiển khi đưa thẳng vào những chữ như 'bao cao su', 'tuầy huầy', 'uống thuốc ngừa thai'..."
399,6667bbbb653280ea254faeee,"Phiên họp xem xét, cho ý kiến đối với 8 dự án luật, 3 dự thảo nghị quyết sẽ trình Quốc hội xem xét, thông qua tại đợt 2 của Kỳ họp và 5 nội dung khác thuộc thẩm quyền của Ủy ban Thường vụ Quốc hội."
400,6667bbbd653280ea254faef0,Dưới đây là điểm sàn phương thức xét tuyển sớm trường Đại học Y tế công cộng năm 2024 để thí sinh tham khảo.
401,6667bbc2653280ea254faef2,"Trong phim ""Mặc vũ vân gian"", Ngô Cẩn Ngôn đã có những chia sẻ thú vị về cảnh dầm mình dưới mưa cùng nam chính Vương Tinh Việt."
402,6667bbcb653280ea254faef4,Thượng nghị sĩ Mỹ nói Ukraina là “mỏ vàng” hàng chục nghìn tỉ USD mà Mỹ không muốn để Nga chiếm mất.
403,6667bc0b653280ea254faef6,"Tại km 145 + 430 quốc lộ 6, địa phận: xóm Tam Hòa, xã Đồng Tân, huyện Mai Châu, Hòa Bình đã xảy ra vụ tai nạn giao thông khiến 1 nam tài xế tử vong."
404,6667bc45653280ea254faef8,"ANTD.VN - Ngân hàng UOB cho rằng Ngân hàng Nhà nước sẽ giữ nguyên lãi suất tái cấp vốn ở mức 4,5% như hiện tại cho đến cuối năm, vì việc tăng lãi suất thời điểm này có thể cản trở môi trường tín dụng và thanh khoản."
405,6667bc5d653280ea254faefa,"VTV.vn - Học cũ, dạy cũ nhưng cách ra đề thi mới khiến học sinh dễ mất bình tĩnh, thậm chí là bị bất ngờ."
406,6667bc60653280ea254faefc,VTV.vn - Các thành viên BTS dù đang phục vụ trong quân đội vẫn mong được đoàn tụ để chào mừng ngày xuất ngũ của anh cả Jin.
407,6667bcbc653280ea254fb07d,"SKĐS - Vườn Quốc gia Phong Nha - Kẻ Bàng là khu vực có tính đa dạng sinh học cao, là nơi sinh sống của nhiều loại động vật quý hiếm."
